{
  "n_splits": 4,
  "n_instances": 23722,
  "model_type": "SVM",
  "folds_dir": "data/foiks26/perf_data/folds/QF_SLIA",
  "feature_csv_path": [
    "data/features/syntactic/catalog1/QF_SLIA.CSV",
    "data/features/native_desc/all_minilm_l6_v2/QF_SLIA.CSV"
  ],
  "svm_c": 1.0,
  "folds": [
    {
      "fold": 1,
      "train_size": 17791,
      "test_size": 5931,
      "train_metrics": {
        "total_instances": 17791,
        "solved": 17765,
        "solve_rate": 99.85385869259738,
        "avg_par2": 5.8309671708789175,
        "sbs_name": "Z3-Noodler",
        "sbs_solved": 17455,
        "sbs_solve_rate": 98.11140464279691,
        "sbs_avg_par2": 46.67261042537393,
        "vbs_solved": 17773,
        "vbs_solve_rate": 99.89882524872127,
        "vbs_avg_par2": 4.346176728866276,
        "gap_cls_solved": 0.9748427672955975,
        "gap_cls_par2": 0.96492049264866
      },
      "test_metrics": {
        "total_instances": 5931,
        "solved": 5926,
        "solve_rate": 99.91569718428596,
        "avg_par2": 4.3220891418570115,
        "sbs_name": "Z3-Noodler",
        "sbs_solved": 5821,
        "sbs_solve_rate": 98.145338054291,
        "sbs_avg_par2": 45.44219224345897,
        "vbs_solved": 5927,
        "vbs_solve_rate": 99.93255774742876,
        "vbs_avg_par2": 3.3164413873081666,
        "gap_cls_solved": 0.9905660377358491,
        "gap_cls_par2": 0.9761274817870217
      }
    },
    {
      "fold": 2,
      "train_size": 17791,
      "test_size": 5931,
      "train_metrics": {
        "total_instances": 17791,
        "solved": 17772,
        "solve_rate": 99.89320442920577,
        "avg_par2": 5.174743836307428,
        "sbs_name": "Z3-Noodler",
        "sbs_solved": 17444,
        "sbs_solve_rate": 98.04957562812659,
        "sbs_avg_par2": 48.12435089666354,
        "vbs_solved": 17775,
        "vbs_solve_rate": 99.91006688775224,
        "vbs_avg_par2": 3.984671164412496,
        "gap_cls_solved": 0.9909365558912386,
        "gap_cls_par2": 0.9730384842138898
      },
      "test_metrics": {
        "total_instances": 5931,
        "solved": 5921,
        "solve_rate": 99.8313943685719,
        "avg_par2": 7.076659808949628,
        "sbs_name": "Z3-Noodler",
        "sbs_solved": 5832,
        "sbs_solve_rate": 98.33080424886191,
        "sbs_avg_par2": 41.087460372827806,
        "vbs_solved": 5925,
        "vbs_solve_rate": 99.89883662114315,
        "vbs_avg_par2": 4.400836176921587,
        "gap_cls_solved": 0.956989247311828,
        "gap_cls_par2": 0.9270626913575049
      }
    },
    {
      "fold": 3,
      "train_size": 17792,
      "test_size": 5930,
      "train_metrics": {
        "total_instances": 17792,
        "solved": 17770,
        "solve_rate": 99.87634892086331,
        "avg_par2": 5.274518348751698,
        "sbs_name": "Z3-Noodler",
        "sbs_solved": 17466,
        "sbs_solve_rate": 98.16771582733813,
        "sbs_avg_par2": 45.1134572928908,
        "vbs_solved": 17776,
        "vbs_solve_rate": 99.91007194244604,
        "vbs_avg_par2": 4.020469461297586,
        "gap_cls_solved": 0.9806451612903225,
        "gap_cls_par2": 0.969482654982562
      },
      "test_metrics": {
        "total_instances": 5930,
        "solved": 5917,
        "solve_rate": 99.78077571669476,
        "avg_par2": 7.553874785774961,
        "sbs_name": "Z3-Noodler",
        "sbs_solved": 5810,
        "sbs_solve_rate": 97.97639123102867,
        "sbs_avg_par2": 50.11997000314833,
        "vbs_solved": 5924,
        "vbs_solve_rate": 99.89881956155143,
        "vbs_avg_par2": 4.293499392239121,
        "gap_cls_solved": 0.9385964912280702,
        "gap_cls_par2": 0.9288538840091323
      }
    },
    {
      "fold": 4,
      "train_size": 17792,
      "test_size": 5930,
      "train_metrics": {
        "total_instances": 17792,
        "solved": 17772,
        "solve_rate": 99.88758992805755,
        "avg_par2": 5.344199395105835,
        "sbs_name": "Z3-Noodler",
        "sbs_solved": 17463,
        "sbs_solve_rate": 98.15085431654677,
        "sbs_avg_par2": 45.54961734407973,
        "vbs_solved": 17776,
        "vbs_solve_rate": 99.91007194244604,
        "vbs_avg_par2": 4.003576024585469,
        "gap_cls_solved": 0.987220447284345,
        "gap_cls_par2": 0.967731621884001
      },
      "test_metrics": {
        "total_instances": 5930,
        "solved": 5918,
        "solve_rate": 99.79763912310287,
        "avg_par2": 7.8139620536147945,
        "sbs_name": "Z3-Noodler",
        "sbs_solved": 5813,
        "sbs_solve_rate": 98.02698145025295,
        "sbs_avg_par2": 48.81134274669752,
        "vbs_solved": 5924,
        "vbs_solve_rate": 99.89881956155143,
        "vbs_avg_par2": 4.344185399993254,
        "gap_cls_solved": 0.9459459459459459,
        "gap_cls_par2": 0.921969901818365
      }
    }
  ],
  "aggregated": {
    "test_solve_rate_mean": 99.83137659816387,
    "test_solve_rate_std": 0.0519822757983494,
    "test_avg_par2_mean": 6.691646447549099,
    "test_avg_par2_std": 1.3933832154394947,
    "test_sbs_solve_rate_mean": 98.11987874610864,
    "test_sbs_solve_rate_std": 0.13634177518828222,
    "test_sbs_avg_par2_mean": 46.36524134153315,
    "test_sbs_avg_par2_std": 3.4924343586453244,
    "test_vbs_solve_rate_mean": 99.90725837291869,
    "test_vbs_solve_rate_std": 0.014606602344093276,
    "test_vbs_avg_par2_mean": 4.088740589115532,
    "test_vbs_avg_par2_std": 0.4475008189660831,
    "test_gap_cls_solved_mean": 0.9580244305554233,
    "test_gap_cls_solved_std": 0.019895743383960628,
    "test_gap_cls_par2_mean": 0.938503489743006,
    "test_gap_cls_par2_std": 0.021868533704314085,
    "train_solve_rate_mean": 99.877750492681,
    "train_solve_rate_std": 0.015070012918345836,
    "train_avg_par2_mean": 5.40610718776097,
    "train_avg_par2_std": 0.2525783061715896,
    "train_sbs_solve_rate_mean": 98.1198876037021,
    "train_sbs_solve_rate_std": 0.0454483520483203,
    "train_sbs_avg_par2_mean": 46.365008989752006,
    "train_sbs_avg_par2_std": 1.164167918983351,
    "train_vbs_solve_rate_mean": 99.9072590053414,
    "train_vbs_solve_rate_std": 0.0048692320921792645,
    "train_vbs_avg_par2_mean": 4.088723344790457,
    "train_vbs_avg_par2_std": 0.14917922104254994,
    "train_gap_cls_solved_mean": 0.9834112329403759,
    "train_gap_cls_solved_std": 0.006168678045417392,
    "train_gap_cls_par2_mean": 0.9687933134322781,
    "train_gap_cls_par2_std": 0.0029420484574402147
  }
}