{
  "n_splits": 4,
  "n_instances": 2487,
  "model_type": "SVM",
  "folds_dir": "data/foiks26/perf_data/folds/ABV",
  "feature_csv_path": [
    "data/features/syntactic/catalog1/ABV.CSV",
    "data/features/native_desc/all_minilm_l6_v2/ABV.CSV"
  ],
  "svm_c": 1.0,
  "folds": [
    {
      "fold": 1,
      "train_size": 1865,
      "test_size": 622,
      "train_metrics": {
        "total_instances": 1865,
        "solved": 720,
        "solve_rate": 38.605898123324394,
        "avg_par2": 1476.4248835085425,
        "sbs_name": "cvc5",
        "sbs_solved": 636,
        "sbs_solve_rate": 34.101876675603215,
        "sbs_avg_par2": 1583.685236065097,
        "vbs_solved": 734,
        "vbs_solve_rate": 39.35656836461126,
        "vbs_avg_par2": 1457.6074903309695,
        "gap_cls_solved": 0.8571428571428571,
        "gap_cls_par2": 0.8507477027924097
      },
      "test_metrics": {
        "total_instances": 622,
        "solved": 228,
        "solve_rate": 36.655948553054664,
        "avg_par2": 1523.1388904700134,
        "sbs_name": "cvc5",
        "sbs_solved": 201,
        "sbs_solve_rate": 32.31511254019293,
        "sbs_avg_par2": 1626.9784396273642,
        "vbs_solved": 237,
        "vbs_solve_rate": 38.10289389067524,
        "vbs_avg_par2": 1487.8857658271156,
        "gap_cls_solved": 0.75,
        "gap_cls_par2": 0.7465493783409117
      }
    },
    {
      "fold": 2,
      "train_size": 1865,
      "test_size": 622,
      "train_metrics": {
        "total_instances": 1865,
        "solved": 713,
        "solve_rate": 38.23056300268097,
        "avg_par2": 1485.1990318665435,
        "sbs_name": "cvc5",
        "sbs_solved": 626,
        "sbs_solve_rate": 33.565683646112596,
        "sbs_avg_par2": 1596.590542401798,
        "vbs_solved": 722,
        "vbs_solve_rate": 38.71313672922252,
        "vbs_avg_par2": 1473.0210224708078,
        "gap_cls_solved": 0.90625,
        "gap_cls_par2": 0.901448112750323
      },
      "test_metrics": {
        "total_instances": 622,
        "solved": 238,
        "solve_rate": 38.263665594855304,
        "avg_par2": 1485.2698035426877,
        "sbs_name": "cvc5",
        "sbs_solved": 211,
        "sbs_solve_rate": 33.92282958199357,
        "sbs_avg_par2": 1588.2832686981878,
        "vbs_solved": 249,
        "vbs_solve_rate": 40.032154340836016,
        "vbs_avg_par2": 1441.6699500058962,
        "gap_cls_solved": 0.7105263157894737,
        "gap_cls_par2": 0.7026201035098474
      }
    },
    {
      "fold": 3,
      "train_size": 1865,
      "test_size": 622,
      "train_metrics": {
        "total_instances": 1865,
        "solved": 718,
        "solve_rate": 38.498659517426276,
        "avg_par2": 1478.7155586708982,
        "sbs_name": "cvc5",
        "sbs_solved": 626,
        "sbs_solve_rate": 33.565683646112596,
        "sbs_avg_par2": 1596.526227199201,
        "vbs_solved": 732,
        "vbs_solve_rate": 39.24932975871314,
        "vbs_avg_par2": 1460.023953803874,
        "gap_cls_solved": 0.8679245283018868,
        "gap_cls_par2": 0.8630674464088155
      },
      "test_metrics": {
        "total_instances": 622,
        "solved": 229,
        "solve_rate": 36.81672025723473,
        "avg_par2": 1519.9087404833263,
        "sbs_name": "cvc5",
        "sbs_solved": 211,
        "sbs_solve_rate": 33.92282958199357,
        "sbs_avg_par2": 1588.4761109053318,
        "vbs_solved": 239,
        "vbs_solve_rate": 38.42443729903537,
        "vbs_avg_par2": 1480.6402603979077,
        "gap_cls_solved": 0.6428571428571429,
        "gap_cls_par2": 0.6358494888236165
      }
    },
    {
      "fold": 4,
      "train_size": 1866,
      "test_size": 621,
      "train_metrics": {
        "total_instances": 1866,
        "solved": 708,
        "solve_rate": 37.942122186495176,
        "avg_par2": 1492.855647853691,
        "sbs_name": "cvc5",
        "sbs_solved": 623,
        "sbs_solve_rate": 33.38692390139336,
        "sbs_avg_par2": 1601.245939743628,
        "vbs_solved": 725,
        "vbs_solve_rate": 38.853161843515544,
        "vbs_avg_par2": 1470.0653254103065,
        "gap_cls_solved": 0.8333333333333334,
        "gap_cls_par2": 0.8262676039504155
      },
      "test_metrics": {
        "total_instances": 621,
        "solved": 239,
        "solve_rate": 38.486312399355874,
        "avg_par2": 1477.6681832641343,
        "sbs_name": "cvc5",
        "sbs_solved": 214,
        "sbs_solve_rate": 34.46054750402576,
        "sbs_avg_par2": 1574.2812095781264,
        "vbs_solved": 246,
        "vbs_solve_rate": 39.61352657004831,
        "vbs_avg_par2": 1450.500835098377,
        "gap_cls_solved": 0.78125,
        "gap_cls_par2": 0.7805197449115653
      }
    }
  ],
  "aggregated": {
    "test_solve_rate_mean": 37.555661701125146,
    "test_solve_rate_std": 0.8250603677859216,
    "test_avg_par2_mean": 1501.4964044400404,
    "test_avg_par2_std": 20.239182426782506,
    "test_sbs_solve_rate_mean": 33.655329802051455,
    "test_sbs_solve_rate_std": 0.8043118364624676,
    "test_sbs_avg_par2_mean": 1594.5047572022524,
    "test_sbs_avg_par2_std": 19.612390370196387,
    "test_vbs_solve_rate_mean": 39.04325302514873,
    "test_vbs_solve_rate_std": 0.8016149220251132,
    "test_vbs_avg_par2_mean": 1465.1742028323242,
    "test_vbs_avg_par2_std": 19.511353437630962,
    "test_gap_cls_solved_mean": 0.7211583646616542,
    "test_gap_cls_solved_std": 0.051688892341407736,
    "test_gap_cls_par2_mean": 0.7163846788964853,
    "test_gap_cls_par2_std": 0.05408002441054089,
    "train_solve_rate_mean": 38.319310707481705,
    "train_solve_rate_std": 0.25712141004753397,
    "train_avg_par2_mean": 1483.2987804749189,
    "train_avg_par2_std": 6.387508337685701,
    "train_sbs_solve_rate_mean": 33.655041967305436,
    "train_sbs_solve_rate_std": 0.26810369866005174,
    "train_sbs_avg_par2_mean": 1594.5119863524308,
    "train_sbs_avg_par2_std": 6.537243522660378,
    "train_vbs_solve_rate_mean": 39.04304917401562,
    "train_vbs_solve_rate_std": 0.2672757854766791,
    "train_vbs_avg_par2_mean": 1465.1794480039894,
    "train_vbs_avg_par2_std": 6.5053007539552965,
    "train_gap_cls_solved_mean": 0.8661626796945193,
    "train_gap_cls_solved_std": 0.02631169198833322,
    "train_gap_cls_par2_mean": 0.8603827164754909,
    "train_gap_cls_par2_std": 0.027158097030607637
  }
}