{
  "n_splits": 4,
  "n_instances": 4825,
  "model_type": "SVM",
  "folds_dir": "data/foiks26/perf_data/folds/QF_LIA",
  "feature_csv_path": [
    "data/features/syntactic/catalog1/QF_LIA.CSV",
    "data/features/native_desc/all_minilm_l6_v2/QF_LIA.CSV"
  ],
  "svm_c": 1.0,
  "folds": [
    {
      "fold": 1,
      "train_size": 3618,
      "test_size": 1207,
      "train_metrics": {
        "total_instances": 3618,
        "solved": 3540,
        "solve_rate": 97.8441127694859,
        "avg_par2": 63.62361704917922,
        "sbs_name": "OpenSMT",
        "sbs_solved": 3388,
        "sbs_solve_rate": 93.64289662797125,
        "sbs_avg_par2": 213.71294914294987,
        "vbs_solved": 3547,
        "vbs_solve_rate": 98.03758982863461,
        "vbs_avg_par2": 56.6872893898965,
        "gap_cls_solved": 0.9559748427672956,
        "gap_cls_par2": 0.9558267886268325
      },
      "test_metrics": {
        "total_instances": 1207,
        "solved": 1174,
        "solve_rate": 97.26594863297431,
        "avg_par2": 72.82773724967619,
        "sbs_name": "Yices2",
        "sbs_solved": 1113,
        "sbs_solve_rate": 92.21209610604805,
        "sbs_avg_par2": 198.56809642024047,
        "vbs_solved": 1179,
        "vbs_solve_rate": 97.68019884009942,
        "vbs_avg_par2": 59.96352550134148,
        "gap_cls_solved": 0.9242424242424242,
        "gap_cls_par2": 0.9071876802976296
      }
    },
    {
      "fold": 2,
      "train_size": 3619,
      "test_size": 1206,
      "train_metrics": {
        "total_instances": 3619,
        "solved": 3538,
        "solve_rate": 97.76181265542968,
        "avg_par2": 64.48209529351317,
        "sbs_name": "OpenSMT",
        "sbs_solved": 3377,
        "sbs_solve_rate": 93.3130699088146,
        "sbs_avg_par2": 220.66217761089314,
        "vbs_solved": 3544,
        "vbs_solve_rate": 97.92760431058304,
        "vbs_avg_par2": 58.33258403223928,
        "gap_cls_solved": 0.9640718562874252,
        "gap_cls_par2": 0.9621171277171081
      },
      "test_metrics": {
        "total_instances": 1206,
        "solved": 1176,
        "solve_rate": 97.51243781094527,
        "avg_par2": 71.42131668047635,
        "sbs_name": "OpenSMT",
        "sbs_solved": 1137,
        "sbs_solve_rate": 94.27860696517413,
        "sbs_avg_par2": 193.5719422317352,
        "vbs_solved": 1182,
        "vbs_solve_rate": 98.00995024875621,
        "vbs_avg_par2": 55.0289939304235,
        "gap_cls_solved": 0.8666666666666667,
        "gap_cls_par2": 0.8816805694476645
      }
    },
    {
      "fold": 3,
      "train_size": 3619,
      "test_size": 1206,
      "train_metrics": {
        "total_instances": 3619,
        "solved": 3544,
        "solve_rate": 97.92760431058304,
        "avg_par2": 60.88181574027644,
        "sbs_name": "OpenSMT",
        "sbs_solved": 3390,
        "sbs_solve_rate": 93.67228516164687,
        "sbs_avg_par2": 209.10549004293037,
        "vbs_solved": 3548,
        "vbs_solve_rate": 98.03813208068527,
        "vbs_avg_par2": 55.00375795098875,
        "gap_cls_solved": 0.9746835443037974,
        "gap_cls_par2": 0.9618559914318117
      },
      "test_metrics": {
        "total_instances": 1206,
        "solved": 1169,
        "solve_rate": 96.93200663349917,
        "avg_par2": 83.17947239368661,
        "sbs_name": "OpenSMT",
        "sbs_solved": 1124,
        "sbs_solve_rate": 93.20066334991708,
        "sbs_avg_par2": 228.25158759529836,
        "vbs_solved": 1178,
        "vbs_solve_rate": 97.6782752902156,
        "vbs_avg_par2": 65.0182323948063,
        "gap_cls_solved": 0.8333333333333334,
        "gap_cls_par2": 0.8887406316155563
      }
    },
    {
      "fold": 4,
      "train_size": 3619,
      "test_size": 1206,
      "train_metrics": {
        "total_instances": 3619,
        "solved": 3533,
        "solve_rate": 97.62365294280187,
        "avg_par2": 66.63292717354486,
        "sbs_name": "OpenSMT",
        "sbs_solved": 3387,
        "sbs_solve_rate": 93.58938933407018,
        "sbs_avg_par2": 212.08342361909496,
        "vbs_solved": 3539,
        "vbs_solve_rate": 97.78944459795524,
        "vbs_avg_par2": 60.00357287326508,
        "gap_cls_solved": 0.9605263157894737,
        "gap_cls_par2": 0.9564087269433255
      },
      "test_metrics": {
        "total_instances": 1206,
        "solved": 1180,
        "solve_rate": 97.8441127694859,
        "avg_par2": 65.02748280332061,
        "sbs_name": "OpenSMT",
        "sbs_solved": 1127,
        "sbs_solve_rate": 93.44941956882255,
        "sbs_avg_par2": 219.31531760181608,
        "vbs_solved": 1187,
        "vbs_solve_rate": 98.424543946932,
        "vbs_avg_par2": 50.01464184445969,
        "gap_cls_solved": 0.8833333333333333,
        "gap_cls_par2": 0.9113243884485287
      }
    }
  ],
  "aggregated": {
    "test_solve_rate_mean": 97.38862646172616,
    "test_solve_rate_std": 0.33404660750760995,
    "test_avg_par2_mean": 73.11400228178994,
    "test_avg_par2_std": 6.512538254449153,
    "test_sbs_solve_rate_mean": 93.28519649749046,
    "test_sbs_solve_rate_std": 0.7369741986009,
    "test_sbs_avg_par2_mean": 209.92673596227252,
    "test_sbs_avg_par2_std": 14.321693534538971,
    "test_vbs_solve_rate_mean": 97.94824208150081,
    "test_vbs_solve_rate_std": 0.3063497235909698,
    "test_vbs_avg_par2_mean": 57.506348417757735,
    "test_vbs_avg_par2_std": 5.584108539888895,
    "test_gap_cls_solved_mean": 0.8768939393939394,
    "test_gap_cls_solved_std": 0.0327317442231514,
    "test_gap_cls_par2_mean": 0.8972333174523448,
    "test_gap_cls_par2_std": 0.012365893666599256,
    "train_solve_rate_mean": 97.78929566957513,
    "train_solve_rate_std": 0.11216842650617172,
    "train_avg_par2_mean": 63.90511381412842,
    "train_avg_par2_std": 2.061155320651368,
    "train_sbs_solve_rate_mean": 93.55441025812573,
    "train_sbs_solve_rate_std": 0.14247195380855096,
    "train_sbs_avg_par2_mean": 213.89101010396706,
    "train_sbs_avg_par2_std": 4.244083713464155,
    "train_vbs_solve_rate_mean": 97.94819270446455,
    "train_vbs_solve_rate_std": 0.10210996583066907,
    "train_vbs_avg_par2_mean": 57.50680106159741,
    "train_vbs_avg_par2_std": 1.8609548078714773,
    "train_gap_cls_solved_mean": 0.9638141397869979,
    "train_gap_cls_solved_std": 0.006900629260187514,
    "train_gap_cls_par2_mean": 0.9590521586797693,
    "train_gap_cls_par2_std": 0.0029430535428739382
  }
}