{
  "n_splits": 4,
  "n_instances": 2487,
  "model_type": "SVM",
  "folds_dir": "data/foiks26/perf_data/folds/ABV",
  "feature_csv_path": "data/features/syntactic/catalog1/ABV.CSV",
  "svm_c": 1.0,
  "folds": [
    {
      "fold": 1,
      "train_size": 1865,
      "test_size": 622,
      "train_metrics": {
        "total_instances": 1865,
        "solved": 734,
        "solve_rate": 39.35656836461126,
        "avg_par2": 1458.0754288366709,
        "sbs_name": "cvc5",
        "sbs_solved": 636,
        "sbs_solve_rate": 34.101876675603215,
        "sbs_avg_par2": 1583.685236065097,
        "vbs_solved": 734,
        "vbs_solve_rate": 39.35656836461126,
        "vbs_avg_par2": 1457.6074903309695,
        "gap_cls_solved": 1.0,
        "gap_cls_par2": 0.9962884924458585
      },
      "test_metrics": {
        "total_instances": 622,
        "solved": 234,
        "solve_rate": 37.62057877813505,
        "avg_par2": 1499.5947168794726,
        "sbs_name": "cvc5",
        "sbs_solved": 201,
        "sbs_solve_rate": 32.31511254019293,
        "sbs_avg_par2": 1626.9784396273642,
        "vbs_solved": 237,
        "vbs_solve_rate": 38.10289389067524,
        "vbs_avg_par2": 1487.8857658271156,
        "gap_cls_solved": 0.9166666666666666,
        "gap_cls_par2": 0.9158190670115939
      }
    },
    {
      "fold": 2,
      "train_size": 1865,
      "test_size": 622,
      "train_metrics": {
        "total_instances": 1865,
        "solved": 722,
        "solve_rate": 38.71313672922252,
        "avg_par2": 1473.08392204047,
        "sbs_name": "cvc5",
        "sbs_solved": 626,
        "sbs_solve_rate": 33.565683646112596,
        "sbs_avg_par2": 1596.590542401798,
        "vbs_solved": 722,
        "vbs_solve_rate": 38.71313672922252,
        "vbs_avg_par2": 1473.0210224708078,
        "gap_cls_solved": 1.0,
        "gap_cls_par2": 0.9994909782792927
      },
      "test_metrics": {
        "total_instances": 622,
        "solved": 239,
        "solve_rate": 38.42443729903537,
        "avg_par2": 1480.8219507020651,
        "sbs_name": "cvc5",
        "sbs_solved": 211,
        "sbs_solve_rate": 33.92282958199357,
        "sbs_avg_par2": 1588.2832686981878,
        "vbs_solved": 249,
        "vbs_solve_rate": 40.032154340836016,
        "vbs_avg_par2": 1441.6699500058962,
        "gap_cls_solved": 0.7368421052631579,
        "gap_cls_par2": 0.7329574076531196
      }
    },
    {
      "fold": 3,
      "train_size": 1865,
      "test_size": 622,
      "train_metrics": {
        "total_instances": 1865,
        "solved": 732,
        "solve_rate": 39.24932975871314,
        "avg_par2": 1460.3475457085142,
        "sbs_name": "cvc5",
        "sbs_solved": 626,
        "sbs_solve_rate": 33.565683646112596,
        "sbs_avg_par2": 1596.526227199201,
        "vbs_solved": 732,
        "vbs_solve_rate": 39.24932975871314,
        "vbs_avg_par2": 1460.023953803874,
        "gap_cls_solved": 1.0,
        "gap_cls_par2": 0.9976294028180545
      },
      "test_metrics": {
        "total_instances": 622,
        "solved": 230,
        "solve_rate": 36.97749196141479,
        "avg_par2": 1515.5906305526214,
        "sbs_name": "cvc5",
        "sbs_solved": 211,
        "sbs_solve_rate": 33.92282958199357,
        "sbs_avg_par2": 1588.4761109053318,
        "vbs_solved": 239,
        "vbs_solve_rate": 38.42443729903537,
        "vbs_avg_par2": 1480.6402603979077,
        "gap_cls_solved": 0.6785714285714286,
        "gap_cls_par2": 0.6758928501954227
      }
    },
    {
      "fold": 4,
      "train_size": 1866,
      "test_size": 621,
      "train_metrics": {
        "total_instances": 1866,
        "solved": 725,
        "solve_rate": 38.853161843515544,
        "avg_par2": 1470.4823424668068,
        "sbs_name": "cvc5",
        "sbs_solved": 623,
        "sbs_solve_rate": 33.38692390139336,
        "sbs_avg_par2": 1601.245939743628,
        "vbs_solved": 725,
        "vbs_solve_rate": 38.853161843515544,
        "vbs_avg_par2": 1470.0653254103065,
        "gap_cls_solved": 1.0,
        "gap_cls_par2": 0.9968210466262897
      },
      "test_metrics": {
        "total_instances": 621,
        "solved": 241,
        "solve_rate": 38.808373590982285,
        "avg_par2": 1469.9664543818285,
        "sbs_name": "cvc5",
        "sbs_solved": 214,
        "sbs_solve_rate": 34.46054750402576,
        "sbs_avg_par2": 1574.2812095781264,
        "vbs_solved": 246,
        "vbs_solve_rate": 39.61352657004831,
        "vbs_avg_par2": 1450.500835098377,
        "gap_cls_solved": 0.84375,
        "gap_cls_par2": 0.8427406657536315
      }
    }
  ],
  "aggregated": {
    "test_solve_rate_mean": 37.957720407391875,
    "test_solve_rate_std": 0.709920379369838,
    "test_avg_par2_mean": 1491.4934381289968,
    "test_avg_par2_std": 17.489976223884,
    "test_sbs_solve_rate_mean": 33.655329802051455,
    "test_sbs_solve_rate_std": 0.8043118364624676,
    "test_sbs_avg_par2_mean": 1594.5047572022524,
    "test_sbs_avg_par2_std": 19.612390370196387,
    "test_vbs_solve_rate_mean": 39.04325302514873,
    "test_vbs_solve_rate_std": 0.8016149220251132,
    "test_vbs_avg_par2_mean": 1465.1742028323242,
    "test_vbs_avg_par2_std": 19.511353437630962,
    "test_gap_cls_solved_mean": 0.7939575501253133,
    "test_gap_cls_solved_std": 0.09234845212012542,
    "test_gap_cls_par2_mean": 0.7918524976534419,
    "test_gap_cls_par2_std": 0.09337101723200411,
    "train_solve_rate_mean": 39.04304917401562,
    "train_solve_rate_std": 0.2672757854766791,
    "train_avg_par2_mean": 1465.4973097631155,
    "train_avg_par2_std": 6.403351138430658,
    "train_sbs_solve_rate_mean": 33.655041967305436,
    "train_sbs_solve_rate_std": 0.26810369866005174,
    "train_sbs_avg_par2_mean": 1594.5119863524308,
    "train_sbs_avg_par2_std": 6.537243522660378,
    "train_vbs_solve_rate_mean": 39.04304917401562,
    "train_vbs_solve_rate_std": 0.2672757854766791,
    "train_vbs_avg_par2_mean": 1465.1794480039894,
    "train_vbs_avg_par2_std": 6.5053007539552965,
    "train_gap_cls_solved_mean": 1.0,
    "train_gap_cls_solved_std": 0.0,
    "train_gap_cls_par2_mean": 0.9975574800423738,
    "train_gap_cls_par2_std": 0.001214109963539655
  }
}