{
  "n_splits": 4,
  "n_instances": 4825,
  "model_type": "SVM",
  "folds_dir": "data/foiks26/perf_data/folds/QF_LIA",
  "feature_csv_path": "data/features/syntactic/catalog1/QF_LIA.CSV",
  "svm_c": 1.0,
  "folds": [
    {
      "fold": 1,
      "train_size": 3618,
      "test_size": 1207,
      "train_metrics": {
        "total_instances": 3618,
        "solved": 3535,
        "solve_rate": 97.70591487009398,
        "avg_par2": 71.04389178506021,
        "sbs_name": "OpenSMT",
        "sbs_solved": 3388,
        "sbs_solve_rate": 93.64289662797125,
        "sbs_avg_par2": 213.71294914294987,
        "vbs_solved": 3547,
        "vbs_solve_rate": 98.03758982863461,
        "vbs_avg_par2": 56.6872893898965,
        "gap_cls_solved": 0.9245283018867925,
        "gap_cls_par2": 0.9085716155070347
      },
      "test_metrics": {
        "total_instances": 1207,
        "solved": 1171,
        "solve_rate": 97.01739850869926,
        "avg_par2": 81.14642197186542,
        "sbs_name": "Yices2",
        "sbs_solved": 1113,
        "sbs_solve_rate": 92.21209610604805,
        "sbs_avg_par2": 198.56809642024047,
        "vbs_solved": 1179,
        "vbs_solve_rate": 97.68019884009942,
        "vbs_avg_par2": 59.96352550134148,
        "gap_cls_solved": 0.8787878787878788,
        "gap_cls_par2": 0.8471702893339745
      }
    },
    {
      "fold": 2,
      "train_size": 3619,
      "test_size": 1206,
      "train_metrics": {
        "total_instances": 3619,
        "solved": 3537,
        "solve_rate": 97.73418071290412,
        "avg_par2": 66.16505682624972,
        "sbs_name": "OpenSMT",
        "sbs_solved": 3377,
        "sbs_solve_rate": 93.3130699088146,
        "sbs_avg_par2": 220.66217761089314,
        "vbs_solved": 3544,
        "vbs_solve_rate": 97.92760431058304,
        "vbs_avg_par2": 58.33258403223928,
        "gap_cls_solved": 0.9580838323353293,
        "gap_cls_par2": 0.9517495693709394
      },
      "test_metrics": {
        "total_instances": 1206,
        "solved": 1176,
        "solve_rate": 97.51243781094527,
        "avg_par2": 71.13127073178968,
        "sbs_name": "OpenSMT",
        "sbs_solved": 1137,
        "sbs_solve_rate": 94.27860696517413,
        "sbs_avg_par2": 193.5719422317352,
        "vbs_solved": 1182,
        "vbs_solve_rate": 98.00995024875621,
        "vbs_avg_par2": 55.0289939304235,
        "gap_cls_solved": 0.8666666666666667,
        "gap_cls_par2": 0.8837741148228926
      }
    },
    {
      "fold": 3,
      "train_size": 3619,
      "test_size": 1206,
      "train_metrics": {
        "total_instances": 3619,
        "solved": 3542,
        "solve_rate": 97.87234042553192,
        "avg_par2": 62.44627681474867,
        "sbs_name": "OpenSMT",
        "sbs_solved": 3390,
        "sbs_solve_rate": 93.67228516164687,
        "sbs_avg_par2": 209.10549004293037,
        "vbs_solved": 3548,
        "vbs_solve_rate": 98.03813208068527,
        "vbs_avg_par2": 55.00375795098875,
        "gap_cls_solved": 0.9620253164556962,
        "gap_cls_par2": 0.9517038597637599
      },
      "test_metrics": {
        "total_instances": 1206,
        "solved": 1168,
        "solve_rate": 96.84908789386401,
        "avg_par2": 86.07829189790002,
        "sbs_name": "OpenSMT",
        "sbs_solved": 1124,
        "sbs_solve_rate": 93.20066334991708,
        "sbs_avg_par2": 228.25158759529836,
        "vbs_solved": 1178,
        "vbs_solve_rate": 97.6782752902156,
        "vbs_avg_par2": 65.0182323948063,
        "gap_cls_solved": 0.8148148148148148,
        "gap_cls_par2": 0.8709818867765929
      }
    },
    {
      "fold": 4,
      "train_size": 3619,
      "test_size": 1206,
      "train_metrics": {
        "total_instances": 3619,
        "solved": 3535,
        "solve_rate": 97.678916827853,
        "avg_par2": 66.14539030379103,
        "sbs_name": "OpenSMT",
        "sbs_solved": 3387,
        "sbs_solve_rate": 93.58938933407018,
        "sbs_avg_par2": 212.08342361909496,
        "vbs_solved": 3539,
        "vbs_solve_rate": 97.78944459795524,
        "vbs_avg_par2": 60.00357287326508,
        "gap_cls_solved": 0.9736842105263158,
        "gap_cls_par2": 0.9596145222368035
      },
      "test_metrics": {
        "total_instances": 1206,
        "solved": 1182,
        "solve_rate": 98.00995024875621,
        "avg_par2": 64.71709944788654,
        "sbs_name": "OpenSMT",
        "sbs_solved": 1127,
        "sbs_solve_rate": 93.44941956882255,
        "sbs_avg_par2": 219.31531760181608,
        "vbs_solved": 1187,
        "vbs_solve_rate": 98.424543946932,
        "vbs_avg_par2": 50.01464184445969,
        "gap_cls_solved": 0.9166666666666666,
        "gap_cls_par2": 0.9131577145947216
      }
    }
  ],
  "aggregated": {
    "test_solve_rate_mean": 97.34721861556619,
    "test_solve_rate_std": 0.4537141498095674,
    "test_avg_par2_mean": 75.76827101236042,
    "test_avg_par2_std": 8.349419185681967,
    "test_sbs_solve_rate_mean": 93.28519649749046,
    "test_sbs_solve_rate_std": 0.7369741986009,
    "test_sbs_avg_par2_mean": 209.92673596227252,
    "test_sbs_avg_par2_std": 14.321693534538971,
    "test_vbs_solve_rate_mean": 97.94824208150081,
    "test_vbs_solve_rate_std": 0.3063497235909698,
    "test_vbs_avg_par2_mean": 57.506348417757735,
    "test_vbs_avg_par2_std": 5.584108539888895,
    "test_gap_cls_solved_mean": 0.8692340067340067,
    "test_gap_cls_solved_std": 0.036432037356111224,
    "test_gap_cls_par2_mean": 0.8787710013820454,
    "test_gap_cls_par2_std": 0.02380521212862212,
    "train_solve_rate_mean": 97.74783820909575,
    "train_solve_rate_std": 0.07449001987717609,
    "train_avg_par2_mean": 66.45015393246241,
    "train_avg_par2_std": 3.0539982261567102,
    "train_sbs_solve_rate_mean": 93.55441025812573,
    "train_sbs_solve_rate_std": 0.14247195380855096,
    "train_sbs_avg_par2_mean": 213.89101010396706,
    "train_sbs_avg_par2_std": 4.244083713464155,
    "train_vbs_solve_rate_mean": 97.94819270446455,
    "train_vbs_solve_rate_std": 0.10210996583066907,
    "train_vbs_avg_par2_mean": 57.50680106159741,
    "train_vbs_avg_par2_std": 1.8609548078714773,
    "train_gap_cls_solved_mean": 0.9545804153010335,
    "train_gap_cls_solved_std": 0.018274196266804855,
    "train_gap_cls_par2_mean": 0.9429098917196344,
    "train_gap_cls_par2_std": 0.020085042126592685
  }
}