{
  "n_splits": 4,
  "n_instances": 2849,
  "model_type": "MachSMT",
  "folds_dir": "/home/jchen688/projects/def-vganesh/jchen688/SMT_AS_LM/data/foiks26/perf_data/folds/UFLIA",
  "selector": "EHM",
  "timeout": 1200,
  "folds": [
    {
      "fold": 1,
      "train_size": 2136,
      "test_size": 713,
      "train_metrics": {
        "total_instances": 2136,
        "solved": 1187,
        "solve_rate": 55.57116104868914,
        "avg_par2": 1075.7979289004559,
        "sbs_name": "cvc5",
        "sbs_solved": 1200,
        "sbs_solve_rate": 56.17977528089888,
        "sbs_avg_par2": 1061.6427956783998,
        "vbs_solved": 1222,
        "vbs_solve_rate": 57.20973782771536,
        "vbs_avg_par2": 1037.54886949167,
        "gap_cls_solved": -0.5909090909090909,
        "gap_cls_par2": -0.5874979906700437
      },
      "test_metrics": {
        "total_instances": 713,
        "solved": 426,
        "solve_rate": 59.74754558204769,
        "avg_par2": 982.7406359744685,
        "sbs_name": "cvc5",
        "sbs_solved": 428,
        "sbs_solve_rate": 60.02805049088359,
        "sbs_avg_par2": 975.2054137563464,
        "vbs_solved": 435,
        "vbs_solve_rate": 61.00981767180925,
        "vbs_avg_par2": 951.5058110996556,
        "gap_cls_solved": -0.2857142857142857,
        "gap_cls_par2": -0.31794719630013885
      }
    },
    {
      "fold": 2,
      "train_size": 2137,
      "test_size": 712,
      "train_metrics": {
        "total_instances": 2137,
        "solved": 1205,
        "solve_rate": 56.38745905474964,
        "avg_par2": 1057.8793545416377,
        "sbs_name": "cvc5",
        "sbs_solved": 1226,
        "sbs_solve_rate": 57.37014506317267,
        "sbs_avg_par2": 1034.0833343840252,
        "vbs_solved": 1248,
        "vbs_solve_rate": 58.39962564342537,
        "vbs_avg_par2": 1009.8063433591996,
        "gap_cls_solved": -0.9545454545454546,
        "gap_cls_par2": -0.9801882009709804
      },
      "test_metrics": {
        "total_instances": 712,
        "solved": 390,
        "solve_rate": 54.7752808988764,
        "avg_par2": 1097.276338931944,
        "sbs_name": "cvc5",
        "sbs_solved": 402,
        "sbs_solve_rate": 56.46067415730337,
        "sbs_avg_par2": 1057.8011039307241,
        "vbs_solved": 409,
        "vbs_solve_rate": 57.4438202247191,
        "vbs_avg_par2": 1034.6515067270402,
        "gap_cls_solved": -1.7142857142857142,
        "gap_cls_par2": -1.7052234064330958
      }
    },
    {
      "fold": 3,
      "train_size": 2137,
      "test_size": 712,
      "train_metrics": {
        "total_instances": 2137,
        "solved": 1160,
        "solve_rate": 54.2817033224146,
        "avg_par2": 1109.6149182905172,
        "sbs_name": "cvc5",
        "sbs_solved": 1232,
        "sbs_solve_rate": 57.650912494150674,
        "sbs_avg_par2": 1028.289706941136,
        "vbs_solved": 1251,
        "vbs_solve_rate": 58.54000935891437,
        "vbs_avg_par2": 1007.980517006431,
        "gap_cls_solved": -3.789473684210526,
        "gap_cls_par2": -4.004355250546443
      },
      "test_metrics": {
        "total_instances": 712,
        "solved": 368,
        "solve_rate": 51.68539325842697,
        "avg_par2": 1170.3560088546012,
        "sbs_name": "cvc5",
        "sbs_solved": 396,
        "sbs_solve_rate": 55.61797752808989,
        "sbs_avg_par2": 1075.190123376586,
        "vbs_solved": 406,
        "vbs_solve_rate": 57.02247191011236,
        "vbs_avg_par2": 1040.1315501482006,
        "gap_cls_solved": -2.8,
        "gap_cls_par2": -2.714482556322741
      }
    },
    {
      "fold": 4,
      "train_size": 2137,
      "test_size": 712,
      "train_metrics": {
        "total_instances": 2137,
        "solved": 1204,
        "solve_rate": 56.340664482919976,
        "avg_par2": 1059.961896707588,
        "sbs_name": "cvc5",
        "sbs_solved": 1226,
        "sbs_solve_rate": 57.37014506317267,
        "sbs_avg_par2": 1036.0370677824433,
        "vbs_solved": 1250,
        "vbs_solve_rate": 58.4932147870847,
        "vbs_avg_par2": 1008.7361627558384,
        "gap_cls_solved": -0.9166666666666666,
        "gap_cls_par2": -0.8763383082659693
      },
      "test_metrics": {
        "total_instances": 712,
        "solved": 394,
        "solve_rate": 55.33707865168539,
        "avg_par2": 1079.005147441645,
        "sbs_name": "cvc5",
        "sbs_solved": 402,
        "sbs_solve_rate": 56.46067415730337,
        "sbs_avg_par2": 1051.9371597278903,
        "vbs_solved": 407,
        "vbs_solve_rate": 57.16292134831461,
        "vbs_avg_par2": 1037.8635515997712,
        "gap_cls_solved": -1.6,
        "gap_cls_par2": -1.9233154332095472
      }
    }
  ],
  "aggregated": {
    "test_solve_rate_mean": 55.38632459775911,
    "test_solve_rate_std": 2.876323209298584,
    "test_avg_par2_mean": 1082.3445328006646,
    "test_avg_par2_std": 66.89743363738687,
    "test_sbs_solve_rate_mean": 57.14184408339506,
    "test_sbs_solve_rate_std": 1.701495051522997,
    "test_sbs_avg_par2_mean": 1040.0334501978866,
    "test_sbs_avg_par2_std": 38.39288279617805,
    "test_vbs_solve_rate_mean": 58.15975778873883,
    "test_vbs_solve_rate_std": 1.6524610427588533,
    "test_vbs_avg_par2_mean": 1016.038104893667,
    "test_vbs_avg_par2_std": 37.3085777612918,
    "test_gap_cls_solved_mean": -1.6,
    "test_gap_cls_solved_std": 0.8916849448186991,
    "test_gap_cls_par2_mean": -1.6652421480663806,
    "test_gap_cls_par2_std": 0.863757697924879,
    "train_solve_rate_mean": 55.64524697719334,
    "train_solve_rate_std": 0.8513554337982446,
    "train_avg_par2_mean": 1075.8135246100496,
    "train_avg_par2_std": 20.708953505482416,
    "train_sbs_solve_rate_mean": 57.14274447534872,
    "train_sbs_solve_rate_std": 0.5676632935723944,
    "train_sbs_avg_par2_mean": 1040.0132261965011,
    "train_sbs_avg_par2_std": 12.808714146476127,
    "train_vbs_solve_rate_mean": 58.160646904284945,
    "train_vbs_solve_rate_std": 0.5513293431144276,
    "train_vbs_avg_par2_mean": 1016.0179731532847,
    "train_vbs_avg_par2_std": 12.447783997664159,
    "train_gap_cls_solved_mean": -1.5628987240829346,
    "train_gap_cls_solved_std": 1.2932622967377898,
    "train_gap_cls_par2_mean": -1.6120949376133589,
    "train_gap_cls_par2_std": 1.388646125724883
  }
}