{
  "n_splits": 4,
  "n_instances": 3103,
  "model_type": "SVM",
  "folds_dir": "data/foiks26/perf_data/folds/QF_NRA",
  "feature_csv_path": "data/features/syntactic/catalog1/QF_NRA.CSV",
  "svm_c": 1.0,
  "folds": [
    {
      "fold": 1,
      "train_size": 2327,
      "test_size": 776,
      "train_metrics": {
        "total_instances": 2327,
        "solved": 2153,
        "solve_rate": 92.52256123764504,
        "avg_par2": 195.92185326679513,
        "sbs_name": "Z3alpha",
        "sbs_solved": 2111,
        "sbs_solve_rate": 90.71766222604212,
        "sbs_avg_par2": 238.74181924536455,
        "vbs_solved": 2193,
        "vbs_solve_rate": 94.24151267726687,
        "vbs_avg_par2": 148.73299276760588,
        "gap_cls_solved": 0.5121951219512195,
        "gap_cls_par2": 0.4757307439082134
      },
      "test_metrics": {
        "total_instances": 776,
        "solved": 717,
        "solve_rate": 92.39690721649485,
        "avg_par2": 197.60218779867523,
        "sbs_name": "Z3alpha",
        "sbs_solved": 701,
        "sbs_solve_rate": 90.33505154639175,
        "sbs_avg_par2": 251.71811974002813,
        "vbs_solved": 739,
        "vbs_solve_rate": 95.23195876288659,
        "vbs_avg_par2": 125.10934056010363,
        "gap_cls_solved": 0.42105263157894735,
        "gap_cls_par2": 0.4274263782644047
      }
    },
    {
      "fold": 2,
      "train_size": 2327,
      "test_size": 776,
      "train_metrics": {
        "total_instances": 2327,
        "solved": 2154,
        "solve_rate": 92.56553502363558,
        "avg_par2": 195.16352980079964,
        "sbs_name": "Z3alpha",
        "sbs_solved": 2098,
        "sbs_solve_rate": 90.15900300816502,
        "sbs_avg_par2": 252.5320478174938,
        "vbs_solved": 2194,
        "vbs_solve_rate": 94.28448646325741,
        "vbs_avg_par2": 147.9983619135928,
        "gap_cls_solved": 0.5833333333333334,
        "gap_cls_par2": 0.5488041249156151
      },
      "test_metrics": {
        "total_instances": 776,
        "solved": 721,
        "solve_rate": 92.91237113402062,
        "avg_par2": 188.05461241105712,
        "sbs_name": "Z3alpha",
        "sbs_solved": 714,
        "sbs_solve_rate": 92.0103092783505,
        "sbs_avg_par2": 210.36520493674882,
        "vbs_solved": 738,
        "vbs_solve_rate": 95.10309278350515,
        "vbs_avg_par2": 127.31228643289803,
        "gap_cls_solved": 0.2916666666666667,
        "gap_cls_par2": 0.26863104786205994
      }
    },
    {
      "fold": 3,
      "train_size": 2327,
      "test_size": 776,
      "train_metrics": {
        "total_instances": 2327,
        "solved": 2169,
        "solve_rate": 93.21014181349378,
        "avg_par2": 181.5090473116699,
        "sbs_name": "Z3alpha",
        "sbs_solved": 2111,
        "sbs_solve_rate": 90.71766222604212,
        "sbs_avg_par2": 240.32897614862324,
        "vbs_solved": 2210,
        "vbs_solve_rate": 94.97206703910615,
        "vbs_avg_par2": 131.53637690692668,
        "gap_cls_solved": 0.5858585858585859,
        "gap_cls_par2": 0.5406611226033622
      },
      "test_metrics": {
        "total_instances": 776,
        "solved": 705,
        "solve_rate": 90.85051546391753,
        "avg_par2": 232.53541744291715,
        "sbs_name": "Z3alpha",
        "sbs_solved": 701,
        "sbs_solve_rate": 90.33505154639175,
        "sbs_avg_par2": 246.9586943355398,
        "vbs_solved": 722,
        "vbs_solve_rate": 93.04123711340206,
        "vbs_avg_par2": 176.6770275546919,
        "gap_cls_solved": 0.19047619047619047,
        "gap_cls_par2": 0.20522104203358288
      }
    },
    {
      "fold": 4,
      "train_size": 2328,
      "test_size": 775,
      "train_metrics": {
        "total_instances": 2328,
        "solved": 2152,
        "solve_rate": 92.43986254295532,
        "avg_par2": 198.23837249070496,
        "sbs_name": "Z3alpha",
        "sbs_solved": 2116,
        "sbs_solve_rate": 90.893470790378,
        "sbs_avg_par2": 236.34733967077224,
        "vbs_solved": 2199,
        "vbs_solve_rate": 94.45876288659794,
        "vbs_avg_par2": 143.03288484923118,
        "gap_cls_solved": 0.43373493975903615,
        "gap_cls_par2": 0.40839296819499893
      },
      "test_metrics": {
        "total_instances": 775,
        "solved": 718,
        "solve_rate": 92.64516129032258,
        "avg_par2": 194.14059073298358,
        "sbs_name": "cvc5",
        "sbs_solved": 707,
        "sbs_solve_rate": 91.2258064516129,
        "sbs_avg_par2": 246.73795833696784,
        "vbs_solved": 733,
        "vbs_solve_rate": 94.58064516129032,
        "vbs_avg_par2": 142.20124711722463,
        "gap_cls_solved": 0.4230769230769231,
        "gap_cls_par2": 0.5031473344653157
      }
    }
  ],
  "aggregated": {
    "test_solve_rate_mean": 92.20123877618889,
    "test_solve_rate_std": 0.8008614165002523,
    "test_avg_par2_mean": 203.0832020964083,
    "test_avg_par2_std": 17.344331296398995,
    "test_sbs_solve_rate_mean": 90.97655470568674,
    "test_sbs_solve_rate_std": 0.6988969087285654,
    "test_sbs_avg_par2_mean": 238.94499433732116,
    "test_sbs_avg_par2_std": 16.620068970190705,
    "test_vbs_solve_rate_mean": 94.48923345527103,
    "test_vbs_solve_rate_std": 0.8708492497981416,
    "test_vbs_avg_par2_mean": 142.82497541622956,
    "test_vbs_avg_par2_std": 20.62060685834265,
    "test_gap_cls_solved_mean": 0.3315681029496819,
    "test_gap_cls_solved_std": 0.09731443547587955,
    "test_gap_cls_par2_mean": 0.35110645065634083,
    "test_gap_cls_par2_std": 0.11940048807963709,
    "train_solve_rate_mean": 92.68452515443244,
    "train_solve_rate_std": 0.30680760555508396,
    "train_avg_par2_mean": 192.7082007174924,
    "train_avg_par2_std": 6.564298143430057,
    "train_sbs_solve_rate_mean": 90.62194956265681,
    "train_sbs_solve_rate_std": 0.2767512950663775,
    "train_sbs_avg_par2_mean": 241.98754572056347,
    "train_sbs_avg_par2_std": 6.25068080558116,
    "train_vbs_solve_rate_mean": 94.48920726655709,
    "train_vbs_solve_rate_std": 0.2904064552848928,
    "train_vbs_avg_par2_mean": 142.82515410933914,
    "train_vbs_avg_par2_std": 6.876486737137382,
    "train_gap_cls_solved_mean": 0.5287804952255437,
    "train_gap_cls_solved_std": 0.06233508802535317,
    "train_gap_cls_par2_mean": 0.4933972399055474,
    "train_gap_cls_par2_std": 0.056660455354806835
  }
}