{
  "n_splits": 4,
  "n_instances": 1537,
  "model_type": "MachSMT",
  "folds_dir": "/home/jchen688/projects/def-vganesh/jchen688/SMT_AS_LM/data/foiks26/perf_data/folds/ALIA",
  "selector": "EHM",
  "timeout": 1200,
  "folds": [
    {
      "fold": 1,
      "train_size": 1152,
      "test_size": 385,
      "train_metrics": {
        "total_instances": 1152,
        "solved": 250,
        "solve_rate": 21.70138888888889,
        "avg_par2": 1887.9105510350612,
        "sbs_name": "iProver",
        "sbs_solved": 219,
        "sbs_solve_rate": 19.010416666666664,
        "sbs_avg_par2": 1961.8155879599112,
        "vbs_solved": 290,
        "vbs_solve_rate": 25.17361111111111,
        "vbs_avg_par2": 1810.2036086274975,
        "gap_cls_solved": 0.43661971830985913,
        "gap_cls_par2": 0.4874617246623439
      },
      "test_metrics": {
        "total_instances": 385,
        "solved": 78,
        "solve_rate": 20.259740259740262,
        "avg_par2": 1920.7579929395415,
        "sbs_name": "iProver",
        "sbs_solved": 79,
        "sbs_solve_rate": 20.51948051948052,
        "sbs_avg_par2": 1936.977077292184,
        "vbs_solved": 100,
        "vbs_solve_rate": 25.97402597402597,
        "vbs_avg_par2": 1801.8195726650354,
        "gap_cls_solved": -0.047619047619047616,
        "gap_cls_par2": 0.1200013598755408
      }
    },
    {
      "fold": 2,
      "train_size": 1153,
      "test_size": 384,
      "train_metrics": {
        "total_instances": 1153,
        "solved": 229,
        "solve_rate": 19.861231569817868,
        "avg_par2": 1931.5209729513072,
        "sbs_name": "iProver",
        "sbs_solved": 226,
        "sbs_solve_rate": 19.601040763226365,
        "sbs_avg_par2": 1950.972029821456,
        "vbs_solved": 290,
        "vbs_solve_rate": 25.151777970511706,
        "vbs_avg_par2": 1812.5716901339645,
        "gap_cls_solved": 0.046875,
        "gap_cls_par2": 0.14054197348120298
      },
      "test_metrics": {
        "total_instances": 384,
        "solved": 76,
        "solve_rate": 19.791666666666664,
        "avg_par2": 1934.1493903424162,
        "sbs_name": "cvc5",
        "sbs_solved": 73,
        "sbs_solve_rate": 19.010416666666664,
        "sbs_avg_par2": 1955.8252313488774,
        "vbs_solved": 100,
        "vbs_solve_rate": 26.041666666666668,
        "vbs_avg_par2": 1794.6873278397268,
        "gap_cls_solved": 0.1111111111111111,
        "gap_cls_par2": 0.13451733288332343
      }
    },
    {
      "fold": 3,
      "train_size": 1153,
      "test_size": 384,
      "train_metrics": {
        "total_instances": 1153,
        "solved": 243,
        "solve_rate": 21.075455333911535,
        "avg_par2": 1905.0727576052047,
        "sbs_name": "iProver",
        "sbs_solved": 221,
        "sbs_solve_rate": 19.1673894189072,
        "sbs_avg_par2": 1959.9204154094514,
        "vbs_solved": 288,
        "vbs_solve_rate": 24.978317432784042,
        "vbs_avg_par2": 1818.240175768375,
        "gap_cls_solved": 0.3283582089552239,
        "gap_cls_par2": 0.38712284749937
      },
      "test_metrics": {
        "total_instances": 384,
        "solved": 86,
        "solve_rate": 22.395833333333336,
        "avg_par2": 1881.1534371210837,
        "sbs_name": "iProver",
        "sbs_solved": 77,
        "sbs_solve_rate": 20.052083333333336,
        "sbs_avg_par2": 1942.6028466672149,
        "vbs_solved": 102,
        "vbs_solve_rate": 26.5625,
        "vbs_avg_par2": 1777.6671092551558,
        "gap_cls_solved": 0.36,
        "gap_cls_par2": 0.3725657671909639
      }
    },
    {
      "fold": 4,
      "train_size": 1153,
      "test_size": 384,
      "train_metrics": {
        "total_instances": 1153,
        "solved": 233,
        "solve_rate": 20.2081526452732,
        "avg_par2": 1922.6840318290053,
        "sbs_name": "iProver",
        "sbs_solved": 228,
        "sbs_solve_rate": 19.774501300954032,
        "sbs_avg_par2": 1949.6727229669295,
        "vbs_solved": 302,
        "vbs_solve_rate": 26.192541196877713,
        "vbs_avg_par2": 1791.4003810238275,
        "gap_cls_solved": 0.06756756756756757,
        "gap_cls_par2": 0.17052057742107896
      },
      "test_metrics": {
        "total_instances": 384,
        "solved": 68,
        "solve_rate": 17.708333333333336,
        "avg_par2": 1978.1029879038533,
        "sbs_name": "iProver",
        "sbs_solved": 70,
        "sbs_solve_rate": 18.229166666666664,
        "sbs_avg_par2": 1973.3726106938495,
        "vbs_solved": 88,
        "vbs_solve_rate": 22.916666666666664,
        "vbs_avg_par2": 1858.2563887876113,
        "gap_cls_solved": -0.1111111111111111,
        "gap_cls_par2": -0.04109218606789107
      }
    }
  ],
  "aggregated": {
    "test_solve_rate_mean": 20.0388933982684,
    "test_solve_rate_std": 1.6655757613220783,
    "test_avg_par2_mean": 1928.5409520767237,
    "test_avg_par2_std": 34.619362363104756,
    "test_sbs_solve_rate_mean": 19.452786796536795,
    "test_sbs_solve_rate_std": 0.8930186716425061,
    "test_sbs_avg_par2_mean": 1952.1944415005314,
    "test_sbs_avg_par2_std": 14.011284293379903,
    "test_vbs_solve_rate_mean": 25.373714826839823,
    "test_vbs_solve_rate_std": 1.4367349253689587,
    "test_vbs_avg_par2_mean": 1808.1075996368822,
    "test_vbs_avg_par2_std": 30.253791028036723,
    "test_gap_cls_solved_mean": 0.07809523809523809,
    "test_gap_cls_solved_std": 0.1817714683800986,
    "test_gap_cls_par2_mean": 0.14649806847048427,
    "test_gap_cls_par2_std": 0.14759939159268307,
    "train_solve_rate_mean": 20.711557109472874,
    "train_solve_rate_std": 0.7226095846404933,
    "train_avg_par2_mean": 1911.7970783551445,
    "train_avg_par2_std": 16.758135717791685,
    "train_sbs_solve_rate_mean": 19.388337037438564,
    "train_sbs_solve_rate_std": 0.3106474569988896,
    "train_sbs_avg_par2_mean": 1955.595189039437,
    "train_sbs_avg_par2_std": 5.33502932083106,
    "train_vbs_solve_rate_mean": 25.374061927821142,
    "train_vbs_solve_rate_std": 0.47856888397189207,
    "train_vbs_avg_par2_mean": 1808.103963888416,
    "train_vbs_avg_par2_std": 10.076228927841857,
    "train_gap_cls_solved_mean": 0.21985512370816263,
    "train_gap_cls_solved_std": 0.16723742997183302,
    "train_gap_cls_par2_mean": 0.29641178076599894,
    "train_gap_cls_par2_std": 0.14566448657216868
  }
}