{
  "n_splits": 4,
  "n_instances": 6279,
  "model_type": "MachSMT",
  "folds_dir": "/home/jchen688/projects/def-vganesh/jchen688/SMT_AS_LM/data/foiks26/perf_data/folds/UFNIA",
  "selector": "EHM",
  "timeout": 1200,
  "folds": [
    {
      "fold": 1,
      "train_size": 4709,
      "test_size": 1570,
      "train_metrics": {
        "total_instances": 4709,
        "solved": 2690,
        "solve_rate": 57.12465491611807,
        "avg_par2": 1061.7542545937956,
        "sbs_name": "cvc5",
        "sbs_solved": 2760,
        "sbs_solve_rate": 58.611170099808874,
        "sbs_avg_par2": 1027.2986408635502,
        "vbs_solved": 2815,
        "vbs_solve_rate": 59.77914631556593,
        "vbs_avg_par2": 998.2600742030497,
        "gap_cls_solved": -1.2727272727272727,
        "gap_cls_par2": -1.1865466409922178
      },
      "test_metrics": {
        "total_instances": 1570,
        "solved": 900,
        "solve_rate": 57.324840764331206,
        "avg_par2": 1059.2665572255185,
        "sbs_name": "cvc5",
        "sbs_solved": 928,
        "sbs_solve_rate": 59.10828025477707,
        "sbs_avg_par2": 1016.9633529685998,
        "vbs_solved": 944,
        "vbs_solve_rate": 60.12738853503185,
        "vbs_avg_par2": 988.7208638412416,
        "gap_cls_solved": -1.75,
        "gap_cls_par2": -1.4978567953466948
      }
    },
    {
      "fold": 2,
      "train_size": 4709,
      "test_size": 1570,
      "train_metrics": {
        "total_instances": 4709,
        "solved": 2748,
        "solve_rate": 58.356338925461884,
        "avg_par2": 1032.5560951989876,
        "sbs_name": "cvc5",
        "sbs_solved": 2764,
        "sbs_solve_rate": 58.69611382459121,
        "sbs_avg_par2": 1026.8320976586735,
        "vbs_solved": 2820,
        "vbs_solve_rate": 59.88532597154386,
        "vbs_avg_par2": 996.2721651718869,
        "gap_cls_solved": -0.2857142857142857,
        "gap_cls_par2": -0.18730399822672827
      },
      "test_metrics": {
        "total_instances": 1570,
        "solved": 917,
        "solve_rate": 58.40764331210191,
        "avg_par2": 1026.6981375336152,
        "sbs_name": "cvc5",
        "sbs_solved": 924,
        "sbs_solve_rate": 58.853503184713375,
        "sbs_avg_par2": 1018.3626854219539,
        "vbs_solved": 939,
        "vbs_solve_rate": 59.808917197452224,
        "vbs_avg_par2": 994.6833247506336,
        "gap_cls_solved": -0.4666666666666667,
        "gap_cls_par2": -0.3520133937466036
      }
    },
    {
      "fold": 3,
      "train_size": 4709,
      "test_size": 1570,
      "train_metrics": {
        "total_instances": 4709,
        "solved": 2790,
        "solve_rate": 59.24824803567637,
        "avg_par2": 1009.9406332802639,
        "sbs_name": "cvc5",
        "sbs_solved": 2792,
        "sbs_solve_rate": 59.290719898067536,
        "sbs_avg_par2": 1011.552222449251,
        "vbs_solved": 2844,
        "vbs_solve_rate": 60.39498832023784,
        "vbs_avg_par2": 983.7177078741665,
        "gap_cls_solved": -0.038461538461538464,
        "gap_cls_par2": 0.05789895004778125
      },
      "test_metrics": {
        "total_instances": 1570,
        "solved": 896,
        "solve_rate": 57.07006369426752,
        "avg_par2": 1061.3836253397203,
        "sbs_name": "cvc5",
        "sbs_solved": 896,
        "sbs_solve_rate": 57.07006369426752,
        "sbs_avg_par2": 1064.1925786456309,
        "vbs_solved": 915,
        "vbs_solve_rate": 58.28025477707006,
        "vbs_avg_par2": 1032.33870017418,
        "gap_cls_solved": 0.0,
        "gap_cls_par2": 0.08818245817155679
      }
    },
    {
      "fold": 4,
      "train_size": 4710,
      "test_size": 1569,
      "train_metrics": {
        "total_instances": 4710,
        "solved": 2726,
        "solve_rate": 57.87685774946921,
        "avg_par2": 1041.401485627953,
        "sbs_name": "cvc5",
        "sbs_solved": 2748,
        "sbs_solve_rate": 58.34394904458598,
        "sbs_avg_par2": 1033.1728723453923,
        "vbs_solved": 2798,
        "vbs_solve_rate": 59.40552016985138,
        "vbs_avg_par2": 1005.2476295886846,
        "gap_cls_solved": -0.44,
        "gap_cls_par2": -0.29466577441244074
      },
      "test_metrics": {
        "total_instances": 1569,
        "solved": 931,
        "solve_rate": 59.33715742511153,
        "avg_par2": 1010.692501606098,
        "sbs_name": "cvc5",
        "sbs_solved": 940,
        "sbs_solve_rate": 59.91077119184194,
        "sbs_avg_par2": 999.3228395413345,
        "vbs_solved": 961,
        "vbs_solve_rate": 61.24920331421288,
        "vbs_avg_par2": 967.7387573551291,
        "gap_cls_solved": -0.42857142857142855,
        "gap_cls_par2": -0.3599807649224418
      }
    }
  ],
  "aggregated": {
    "test_solve_rate_mean": 58.03492629895304,
    "test_solve_rate_std": 0.9041439584250847,
    "test_avg_par2_mean": 1039.510205426238,
    "test_avg_par2_std": 21.583379440433717,
    "test_sbs_solve_rate_mean": 58.73565458139998,
    "test_sbs_solve_rate_std": 1.0377656572172194,
    "test_sbs_avg_par2_mean": 1024.7103641443798,
    "test_sbs_avg_par2_std": 23.998337831576126,
    "test_vbs_solve_rate_mean": 59.866440955941755,
    "test_vbs_solve_rate_std": 1.060591928514313,
    "test_vbs_avg_par2_mean": 995.8704115302961,
    "test_vbs_avg_par2_std": 23.31228887531929,
    "test_gap_cls_solved_mean": -0.6613095238095238,
    "test_gap_cls_solved_std": 0.6547194250289234,
    "test_gap_cls_par2_mean": -0.5304171239610458,
    "test_gap_cls_par2_std": 0.5872566313423303,
    "train_solve_rate_mean": 58.15152490668139,
    "train_solve_rate_std": 0.7704956892695913,
    "train_avg_par2_mean": 1036.41311717525,
    "train_avg_par2_std": 18.592512522391942,
    "train_sbs_solve_rate_mean": 58.7354882167634,
    "train_sbs_solve_rate_std": 0.3459011709416591,
    "train_sbs_avg_par2_mean": 1024.7139583292167,
    "train_sbs_avg_par2_std": 7.999243960045694,
    "train_vbs_solve_rate_mean": 59.86624519429975,
    "train_vbs_solve_rate_std": 0.3534781224194315,
    "train_vbs_avg_par2_mean": 995.8743942094469,
    "train_vbs_avg_par2_std": 7.770010535697863,
    "train_gap_cls_solved_mean": -0.5092257742257743,
    "train_gap_cls_solved_std": 0.4634930142953877,
    "train_gap_cls_par2_mean": -0.4026543658959014,
    "train_gap_cls_par2_std": 0.47027485913246264
  }
}