{
  "n_splits": 4,
  "n_instances": 4825,
  "model_type": "MachSMT",
  "folds_dir": "/home/jchen688/projects/def-vganesh/jchen688/SMT_AS_LM/data/foiks26/perf_data/folds/QF_LIA",
  "selector": "EHM",
  "timeout": 1200,
  "folds": [
    {
      "fold": 1,
      "train_size": 3618,
      "test_size": 1207,
      "train_metrics": {
        "total_instances": 3618,
        "solved": 3472,
        "solve_rate": 95.96462133775566,
        "avg_par2": 105.30376842189607,
        "sbs_name": "OpenSMT",
        "sbs_solved": 3388,
        "sbs_solve_rate": 93.64289662797125,
        "sbs_avg_par2": 213.71294914295044,
        "vbs_solved": 3547,
        "vbs_solve_rate": 98.03758982863461,
        "vbs_avg_par2": 56.68728938989654,
        "gap_cls_solved": 0.5283018867924528,
        "gap_cls_par2": 0.6903914996539028,
        "files_not_found": 0,
        "parse_exceptions": 0
      },
      "test_metrics": {
        "total_instances": 1207,
        "solved": 1164,
        "solve_rate": 96.43744821872411,
        "avg_par2": 91.61377133868213,
        "sbs_name": "OpenSMT",
        "sbs_solved": 1126,
        "sbs_solve_rate": 93.28914664457332,
        "sbs_avg_par2": 214.42479959080552,
        "vbs_solved": 1179,
        "vbs_solve_rate": 97.68019884009942,
        "vbs_avg_par2": 59.96352550134148,
        "gap_cls_solved": 0.7169811320754716,
        "gap_cls_par2": 0.7950926792238628,
        "files_not_found": 0,
        "parse_exceptions": 0
      }
    },
    {
      "fold": 2,
      "train_size": 3619,
      "test_size": 1206,
      "train_metrics": {
        "total_instances": 3619,
        "solved": 3505,
        "solve_rate": 96.8499585520862,
        "avg_par2": 85.01828287034529,
        "sbs_name": "OpenSMT",
        "sbs_solved": 3377,
        "sbs_solve_rate": 93.3130699088146,
        "sbs_avg_par2": 220.66217761089365,
        "vbs_solved": 3544,
        "vbs_solve_rate": 97.92760431058304,
        "vbs_avg_par2": 58.33258403223933,
        "gap_cls_solved": 0.7664670658682635,
        "gap_cls_par2": 0.8356079242866102,
        "files_not_found": 0,
        "parse_exceptions": 0
      },
      "test_metrics": {
        "total_instances": 1206,
        "solved": 1173,
        "solve_rate": 97.2636815920398,
        "avg_par2": 79.17418424448944,
        "sbs_name": "OpenSMT",
        "sbs_solved": 1137,
        "sbs_solve_rate": 94.27860696517413,
        "sbs_avg_par2": 193.57194223173508,
        "vbs_solved": 1182,
        "vbs_solve_rate": 98.00995024875621,
        "vbs_avg_par2": 55.0289939304235,
        "gap_cls_solved": 0.8,
        "gap_cls_par2": 0.8257205392976514,
        "files_not_found": 0,
        "parse_exceptions": 0
      }
    },
    {
      "fold": 3,
      "train_size": 3619,
      "test_size": 1206,
      "train_metrics": {
        "total_instances": 3619,
        "solved": 3491,
        "solve_rate": 96.46311135672838,
        "avg_par2": 93.63484839375027,
        "sbs_name": "OpenSMT",
        "sbs_solved": 3390,
        "sbs_solve_rate": 93.67228516164687,
        "sbs_avg_par2": 209.1054900429308,
        "vbs_solved": 3548,
        "vbs_solve_rate": 98.03813208068527,
        "vbs_avg_par2": 55.00375795098883,
        "gap_cls_solved": 0.6392405063291139,
        "gap_cls_par2": 0.7493143657871871,
        "files_not_found": 0,
        "parse_exceptions": 0
      },
      "test_metrics": {
        "total_instances": 1206,
        "solved": 1161,
        "solve_rate": 96.26865671641791,
        "avg_par2": 99.43242201396704,
        "sbs_name": "OpenSMT",
        "sbs_solved": 1124,
        "sbs_solve_rate": 93.20066334991708,
        "sbs_avg_par2": 228.2515875952985,
        "vbs_solved": 1178,
        "vbs_solve_rate": 97.6782752902156,
        "vbs_avg_par2": 65.0182323948063,
        "gap_cls_solved": 0.6851851851851852,
        "gap_cls_par2": 0.7891718296368327,
        "files_not_found": 0,
        "parse_exceptions": 0
      }
    },
    {
      "fold": 4,
      "train_size": 3619,
      "test_size": 1206,
      "train_metrics": {
        "total_instances": 3619,
        "solved": 3495,
        "solve_rate": 96.57363912683061,
        "avg_par2": 92.18538654430913,
        "sbs_name": "OpenSMT",
        "sbs_solved": 3387,
        "sbs_solve_rate": 93.58938933407018,
        "sbs_avg_par2": 212.08342361909504,
        "vbs_solved": 3539,
        "vbs_solve_rate": 97.78944459795524,
        "vbs_avg_par2": 60.00357287326514,
        "gap_cls_solved": 0.7105263157894737,
        "gap_cls_par2": 0.7883887082133633,
        "files_not_found": 0,
        "parse_exceptions": 0
      },
      "test_metrics": {
        "total_instances": 1206,
        "solved": 1161,
        "solve_rate": 96.26865671641791,
        "avg_par2": 100.99626003882445,
        "sbs_name": "OpenSMT",
        "sbs_solved": 1127,
        "sbs_solve_rate": 93.44941956882255,
        "sbs_avg_par2": 219.31531760181582,
        "vbs_solved": 1187,
        "vbs_solve_rate": 98.424543946932,
        "vbs_avg_par2": 50.01464184445969,
        "gap_cls_solved": 0.5666666666666667,
        "gap_cls_par2": 0.6988693756460118,
        "files_not_found": 0,
        "parse_exceptions": 0
      }
    }
  ],
  "aggregated": {
    "test_solve_rate_mean": 96.55961081089994,
    "test_solve_rate_std": 0.4122947774268221,
    "test_avg_par2_mean": 92.80415940899077,
    "test_avg_par2_std": 8.634778871411594,
    "test_sbs_solve_rate_mean": 93.55445913212176,
    "test_sbs_solve_rate_std": 0.42748846929698026,
    "test_sbs_avg_par2_mean": 213.8909117549137,
    "test_sbs_avg_par2_std": 12.735764092602498,
    "test_vbs_solve_rate_mean": 97.94824208150081,
    "test_vbs_solve_rate_std": 0.3063497235909698,
    "test_vbs_avg_par2_mean": 57.506348417757735,
    "test_vbs_avg_par2_std": 5.584108539888895,
    "test_gap_cls_solved_mean": 0.6922082459818308,
    "test_gap_cls_solved_std": 0.08372987764176693,
    "test_gap_cls_par2_mean": 0.7772136059510897,
    "test_gap_cls_par2_std": 0.047311207392103,
    "test_files_not_found_total": 0,
    "test_parse_exceptions_total": 0,
    "train_solve_rate_mean": 96.46283259335021,
    "train_solve_rate_std": 0.32029639738035165,
    "train_avg_par2_mean": 94.0355715575752,
    "train_avg_par2_std": 7.2778348339199646,
    "train_sbs_solve_rate_mean": 93.55441025812573,
    "train_sbs_solve_rate_std": 0.14247195380855096,
    "train_sbs_avg_par2_mean": 213.8910101039675,
    "train_sbs_avg_par2_std": 4.244083713464224,
    "train_vbs_solve_rate_mean": 97.94819270446455,
    "train_vbs_solve_rate_std": 0.10210996583066907,
    "train_vbs_avg_par2_mean": 57.506801061597464,
    "train_vbs_avg_par2_std": 1.8609548078714733,
    "train_gap_cls_solved_mean": 0.661133943694826,
    "train_gap_cls_solved_std": 0.08896396881398405,
    "train_gap_cls_par2_mean": 0.7659256244852659,
    "train_gap_cls_par2_std": 0.053248359049257066,
    "train_files_not_found_total": 0,
    "train_parse_exceptions_total": 0
  }
}