{
  "n_splits": 4,
  "n_instances": 1537,
  "model_type": "SVM",
  "folds_dir": "data/foiks26/perf_data/folds/ALIA",
  "feature_csv_path": "data/features/syntactic/catalog1/ALIA.CSV",
  "svm_c": 1.0,
  "folds": [
    {
      "fold": 1,
      "train_size": 1152,
      "test_size": 385,
      "train_metrics": {
        "total_instances": 1152,
        "solved": 289,
        "solve_rate": 25.086805555555557,
        "avg_par2": 1813.26130708212,
        "sbs_name": "iProver",
        "sbs_solved": 219,
        "sbs_solve_rate": 19.010416666666664,
        "sbs_avg_par2": 1961.8155879599112,
        "vbs_solved": 290,
        "vbs_solve_rate": 25.17361111111111,
        "vbs_avg_par2": 1810.2036086274977,
        "gap_cls_solved": 0.9859154929577465,
        "gap_cls_par2": 0.9798320787837069
      },
      "test_metrics": {
        "total_instances": 385,
        "solved": 92,
        "solve_rate": 23.896103896103895,
        "avg_par2": 1851.7075879934887,
        "sbs_name": "iProver",
        "sbs_solved": 79,
        "sbs_solve_rate": 20.51948051948052,
        "sbs_avg_par2": 1936.977077292184,
        "vbs_solved": 100,
        "vbs_solve_rate": 25.97402597402597,
        "vbs_avg_par2": 1801.819572665035,
        "gap_cls_solved": 0.6190476190476191,
        "gap_cls_par2": 0.6308897869483693
      }
    },
    {
      "fold": 2,
      "train_size": 1153,
      "test_size": 384,
      "train_metrics": {
        "total_instances": 1153,
        "solved": 288,
        "solve_rate": 24.978317432784042,
        "avg_par2": 1816.670298484471,
        "sbs_name": "iProver",
        "sbs_solved": 226,
        "sbs_solve_rate": 19.601040763226365,
        "sbs_avg_par2": 1950.972029821457,
        "vbs_solved": 290,
        "vbs_solve_rate": 25.151777970511706,
        "vbs_avg_par2": 1812.5716901339645,
        "gap_cls_solved": 0.96875,
        "gap_cls_par2": 0.9703858504989137
      },
      "test_metrics": {
        "total_instances": 384,
        "solved": 87,
        "solve_rate": 22.65625,
        "avg_par2": 1870.307483897442,
        "sbs_name": "cvc5",
        "sbs_solved": 73,
        "sbs_solve_rate": 19.010416666666664,
        "sbs_avg_par2": 1955.8252313488774,
        "vbs_solved": 100,
        "vbs_solve_rate": 26.041666666666668,
        "vbs_avg_par2": 1794.6873278397268,
        "gap_cls_solved": 0.5185185185185185,
        "gap_cls_par2": 0.5307115556867051
      }
    },
    {
      "fold": 3,
      "train_size": 1153,
      "test_size": 384,
      "train_metrics": {
        "total_instances": 1153,
        "solved": 287,
        "solve_rate": 24.89158716392021,
        "avg_par2": 1821.3351279562023,
        "sbs_name": "iProver",
        "sbs_solved": 221,
        "sbs_solve_rate": 19.1673894189072,
        "sbs_avg_par2": 1959.920415409452,
        "vbs_solved": 288,
        "vbs_solve_rate": 24.978317432784042,
        "vbs_avg_par2": 1818.240175768375,
        "gap_cls_solved": 0.9850746268656716,
        "gap_cls_par2": 0.9781553715912117
      },
      "test_metrics": {
        "total_instances": 384,
        "solved": 91,
        "solve_rate": 23.697916666666664,
        "avg_par2": 1849.1527524562161,
        "sbs_name": "cvc5",
        "sbs_solved": 76,
        "sbs_solve_rate": 19.791666666666664,
        "sbs_avg_par2": 1936.846946924835,
        "vbs_solved": 102,
        "vbs_solve_rate": 26.5625,
        "vbs_avg_par2": 1777.6671092551553,
        "gap_cls_solved": 0.5769230769230769,
        "gap_cls_par2": 0.5509127019628989
      }
    },
    {
      "fold": 4,
      "train_size": 1153,
      "test_size": 384,
      "train_metrics": {
        "total_instances": 1153,
        "solved": 300,
        "solve_rate": 26.019080659150045,
        "avg_par2": 1796.8872316050665,
        "sbs_name": "iProver",
        "sbs_solved": 228,
        "sbs_solve_rate": 19.774501300954032,
        "sbs_avg_par2": 1949.6727229669305,
        "vbs_solved": 302,
        "vbs_solve_rate": 26.192541196877713,
        "vbs_avg_par2": 1791.4003810238275,
        "gap_cls_solved": 0.972972972972973,
        "gap_cls_par2": 0.9653328527658267
      },
      "test_metrics": {
        "total_instances": 384,
        "solved": 83,
        "solve_rate": 21.614583333333336,
        "avg_par2": 1892.9344708064261,
        "sbs_name": "iProver",
        "sbs_solved": 70,
        "sbs_solve_rate": 18.229166666666664,
        "sbs_avg_par2": 1973.3726106938495,
        "vbs_solved": 88,
        "vbs_solve_rate": 22.916666666666664,
        "vbs_avg_par2": 1858.2563887876113,
        "gap_cls_solved": 0.7222222222222222,
        "gap_cls_par2": 0.6987559056006892
      }
    }
  ],
  "aggregated": {
    "test_solve_rate_mean": 22.966213474025977,
    "test_solve_rate_std": 0.9114640903036013,
    "test_avg_par2_mean": 1866.0255737883933,
    "test_avg_par2_std": 17.550785665033143,
    "test_sbs_solve_rate_mean": 19.387682629870127,
    "test_sbs_solve_rate_std": 0.8556661745245704,
    "test_sbs_avg_par2_mean": 1950.7554665649363,
    "test_sbs_avg_par2_std": 15.170107556005503,
    "test_vbs_solve_rate_mean": 25.373714826839823,
    "test_vbs_solve_rate_std": 1.4367349253689587,
    "test_vbs_avg_par2_mean": 1808.107599636882,
    "test_vbs_avg_par2_std": 30.25379102803686,
    "test_gap_cls_solved_mean": 0.6091778591778592,
    "test_gap_cls_solved_std": 0.07439073733181148,
    "test_gap_cls_par2_mean": 0.6028174875496657,
    "test_gap_cls_par2_std": 0.06686853936698775,
    "train_solve_rate_mean": 25.243947702852463,
    "train_solve_rate_std": 0.4528361028476424,
    "train_avg_par2_mean": 1812.038491281965,
    "train_avg_par2_std": 9.205121396427637,
    "train_sbs_solve_rate_mean": 19.388337037438564,
    "train_sbs_solve_rate_std": 0.3106474569988896,
    "train_sbs_avg_par2_mean": 1955.5951890394376,
    "train_sbs_avg_par2_std": 5.335029320830749,
    "train_vbs_solve_rate_mean": 25.374061927821142,
    "train_vbs_solve_rate_std": 0.47856888397189207,
    "train_vbs_avg_par2_mean": 1808.103963888416,
    "train_vbs_avg_par2_std": 10.07622892784187,
    "train_gap_cls_solved_mean": 0.9781782731990978,
    "train_gap_cls_solved_std": 0.007473482278178797,
    "train_gap_cls_par2_mean": 0.9734265384099148,
    "train_gap_cls_par2_std": 0.005876783580629833
  }
}