{
  "n_splits": 4,
  "n_instances": 1040,
  "model_type": "SVM",
  "folds_dir": "data/foiks26/perf_data/folds/BV",
  "feature_csv_path": [
    "data/features/syntactic/catalog1/BV.CSV",
    "data/features/native_desc/all_minilm_l6_v2/BV.CSV"
  ],
  "svm_c": 1.0,
  "folds": [
    {
      "fold": 1,
      "train_size": 780,
      "test_size": 260,
      "train_metrics": {
        "total_instances": 780,
        "solved": 738,
        "solve_rate": 94.61538461538461,
        "avg_par2": 140.91474291424188,
        "sbs_name": "cvc5",
        "sbs_solved": 706,
        "sbs_solve_rate": 90.51282051282051,
        "sbs_avg_par2": 258.23216388321015,
        "vbs_solved": 746,
        "vbs_solve_rate": 95.64102564102565,
        "vbs_avg_par2": 115.15197183616573,
        "gap_cls_solved": 0.8,
        "gap_cls_par2": 0.8199417354038397
      },
      "test_metrics": {
        "total_instances": 260,
        "solved": 248,
        "solve_rate": 95.38461538461539,
        "avg_par2": 132.8634289256288,
        "sbs_name": "cvc5",
        "sbs_solved": 246,
        "sbs_solve_rate": 94.61538461538461,
        "sbs_avg_par2": 169.29817596361613,
        "vbs_solved": 256,
        "vbs_solve_rate": 98.46153846153847,
        "vbs_avg_par2": 45.846360204837175,
        "gap_cls_solved": 0.2,
        "gap_cls_par2": 0.2951333426247833
      }
    },
    {
      "fold": 2,
      "train_size": 780,
      "test_size": 260,
      "train_metrics": {
        "total_instances": 780,
        "solved": 747,
        "solve_rate": 95.76923076923077,
        "avg_par2": 118.85879583073547,
        "sbs_name": "cvc5",
        "sbs_solved": 713,
        "sbs_solve_rate": 91.41025641025641,
        "sbs_avg_par2": 237.58930813360405,
        "vbs_solved": 753,
        "vbs_solve_rate": 96.53846153846153,
        "vbs_avg_par2": 94.56748526587826,
        "gap_cls_solved": 0.85,
        "gap_cls_par2": 0.8301566147193976
      },
      "test_metrics": {
        "total_instances": 260,
        "solved": 246,
        "solve_rate": 94.61538461538461,
        "avg_par2": 141.52360663978348,
        "sbs_name": "cvc5",
        "sbs_solved": 239,
        "sbs_solve_rate": 91.92307692307692,
        "sbs_avg_par2": 231.22674321243449,
        "vbs_solved": 249,
        "vbs_solve_rate": 95.76923076923077,
        "vbs_avg_par2": 107.5998199156996,
        "gap_cls_solved": 0.7,
        "gap_cls_par2": 0.7255954785620727
      }
    },
    {
      "fold": 3,
      "train_size": 780,
      "test_size": 260,
      "train_metrics": {
        "total_instances": 780,
        "solved": 747,
        "solve_rate": 95.76923076923077,
        "avg_par2": 117.47990590403997,
        "sbs_name": "cvc5",
        "sbs_solved": 715,
        "sbs_solve_rate": 91.66666666666666,
        "sbs_avg_par2": 235.95958399629185,
        "vbs_solved": 753,
        "vbs_solve_rate": 96.53846153846153,
        "vbs_avg_par2": 93.62403565910198,
        "gap_cls_solved": 0.8421052631578947,
        "gap_cls_par2": 0.8323969625042371
      },
      "test_metrics": {
        "total_instances": 260,
        "solved": 238,
        "solve_rate": 91.53846153846153,
        "avg_par2": 213.35393413912342,
        "sbs_name": "cvc5",
        "sbs_solved": 237,
        "sbs_solve_rate": 91.15384615384615,
        "sbs_avg_par2": 236.1159156243711,
        "vbs_solved": 249,
        "vbs_solve_rate": 95.76923076923077,
        "vbs_avg_par2": 110.43016873602845,
        "gap_cls_solved": 0.08333333333333333,
        "gap_cls_par2": 0.1811023290132419
      }
    },
    {
      "fold": 4,
      "train_size": 780,
      "test_size": 260,
      "train_metrics": {
        "total_instances": 780,
        "solved": 751,
        "solve_rate": 96.28205128205128,
        "avg_par2": 106.69590262514718,
        "sbs_name": "cvc5",
        "sbs_solved": 722,
        "sbs_solve_rate": 92.56410256410257,
        "sbs_avg_par2": 212.21361160014058,
        "vbs_solved": 754,
        "vbs_solve_rate": 96.66666666666667,
        "vbs_avg_par2": 87.9587829521884,
        "gap_cls_solved": 0.90625,
        "gap_cls_par2": 0.8492040922928947
      },
      "test_metrics": {
        "total_instances": 260,
        "solved": 235,
        "solve_rate": 90.38461538461539,
        "avg_par2": 247.55275055582618,
        "sbs_name": "cvc5",
        "sbs_solved": 230,
        "sbs_solve_rate": 88.46153846153845,
        "sbs_avg_par2": 307.3538328128249,
        "vbs_solved": 248,
        "vbs_solve_rate": 95.38461538461539,
        "vbs_avg_par2": 127.42592685676914,
        "gap_cls_solved": 0.2777777777777778,
        "gap_cls_par2": 0.33236135294990926
      }
    }
  ],
  "aggregated": {
    "test_solve_rate_mean": 92.98076923076923,
    "test_solve_rate_std": 2.0779021908629147,
    "test_avg_par2_mean": 183.82343006509046,
    "test_avg_par2_std": 48.269228653002806,
    "test_sbs_solve_rate_mean": 91.53846153846153,
    "test_sbs_solve_rate_std": 2.1926450482675754,
    "test_sbs_avg_par2_mean": 235.9986669033117,
    "test_sbs_avg_par2_std": 48.89606373867101,
    "test_vbs_solve_rate_mean": 96.34615384615384,
    "test_vbs_solve_rate_std": 1.2313700456601642,
    "test_vbs_avg_par2_mean": 97.8255689283336,
    "test_vbs_avg_par2_std": 30.95331665463521,
    "test_gap_cls_solved_mean": 0.31527777777777777,
    "test_gap_cls_solved_std": 0.23265028993622036,
    "test_gap_cls_par2_mean": 0.38354812578750175,
    "test_gap_cls_par2_std": 0.205193781440188,
    "train_solve_rate_mean": 95.60897435897436,
    "train_solve_rate_std": 0.6106589385659525,
    "train_avg_par2_mean": 120.98733681854114,
    "train_avg_par2_std": 12.431606526952262,
    "train_sbs_solve_rate_mean": 91.53846153846152,
    "train_sbs_solve_rate_std": 0.7308816827558597,
    "train_sbs_avg_par2_mean": 235.99866690331166,
    "train_sbs_avg_par2_std": 16.29868791289033,
    "train_vbs_solve_rate_mean": 96.34615384615385,
    "train_vbs_solve_rate_std": 0.4104566818867171,
    "train_vbs_avg_par2_mean": 97.8255689283336,
    "train_vbs_avg_par2_std": 10.317772218211738,
    "train_gap_cls_solved_mean": 0.8495888157894737,
    "train_gap_cls_solved_std": 0.03783422088528501,
    "train_gap_cls_par2_mean": 0.8329248512300922,
    "train_gap_cls_par2_std": 0.010506150413266871
  }
}