{
  "n_splits": 4,
  "n_instances": 2849,
  "model_type": "SVM",
  "folds_dir": "data/foiks26/perf_data/folds/UFLIA",
  "feature_csv_path": "data/features/syntactic/catalog1/UFLIA.CSV",
  "svm_c": 1.0,
  "folds": [
    {
      "fold": 1,
      "train_size": 2136,
      "test_size": 713,
      "train_metrics": {
        "total_instances": 2136,
        "solved": 1222,
        "solve_rate": 57.20973782771536,
        "avg_par2": 1037.9214182636497,
        "sbs_name": "cvc5",
        "sbs_solved": 1200,
        "sbs_solve_rate": 56.17977528089888,
        "sbs_avg_par2": 1061.6427956784,
        "vbs_solved": 1222,
        "vbs_solve_rate": 57.20973782771536,
        "vbs_avg_par2": 1037.5488694916705,
        "gap_cls_solved": 1.0,
        "gap_cls_par2": 0.9845376478249382
      },
      "test_metrics": {
        "total_instances": 713,
        "solved": 431,
        "solve_rate": 60.44880785413744,
        "avg_par2": 967.1450974761069,
        "sbs_name": "cvc5",
        "sbs_solved": 428,
        "sbs_solve_rate": 60.02805049088359,
        "sbs_avg_par2": 975.2054137563464,
        "vbs_solved": 435,
        "vbs_solve_rate": 61.00981767180925,
        "vbs_avg_par2": 951.5058110996556,
        "gap_cls_solved": 0.42857142857142855,
        "gap_cls_par2": 0.34010343536134846
      }
    },
    {
      "fold": 2,
      "train_size": 2137,
      "test_size": 712,
      "train_metrics": {
        "total_instances": 2137,
        "solved": 1248,
        "solve_rate": 58.39962564342537,
        "avg_par2": 1009.992241144298,
        "sbs_name": "cvc5",
        "sbs_solved": 1226,
        "sbs_solve_rate": 57.37014506317267,
        "sbs_avg_par2": 1034.0833343840254,
        "vbs_solved": 1248,
        "vbs_solve_rate": 58.39962564342537,
        "vbs_avg_par2": 1009.8063433592,
        "gap_cls_solved": 1.0,
        "gap_cls_par2": 0.992342634846804
      },
      "test_metrics": {
        "total_instances": 712,
        "solved": 403,
        "solve_rate": 56.60112359550562,
        "avg_par2": 1055.612910509585,
        "sbs_name": "cvc5",
        "sbs_solved": 402,
        "sbs_solve_rate": 56.46067415730337,
        "sbs_avg_par2": 1057.8011039307241,
        "vbs_solved": 409,
        "vbs_solve_rate": 57.4438202247191,
        "vbs_avg_par2": 1034.6515067270402,
        "gap_cls_solved": 0.14285714285714285,
        "gap_cls_par2": 0.09452403866409322
      }
    },
    {
      "fold": 3,
      "train_size": 2137,
      "test_size": 712,
      "train_metrics": {
        "total_instances": 2137,
        "solved": 1250,
        "solve_rate": 58.4932147870847,
        "avg_par2": 1009.3725015620726,
        "sbs_name": "cvc5",
        "sbs_solved": 1232,
        "sbs_solve_rate": 57.650912494150674,
        "sbs_avg_par2": 1028.2897069411365,
        "vbs_solved": 1251,
        "vbs_solve_rate": 58.54000935891437,
        "vbs_avg_par2": 1007.9805170064315,
        "gap_cls_solved": 0.9473684210526315,
        "gap_cls_par2": 0.9314603605502536
      },
      "test_metrics": {
        "total_instances": 712,
        "solved": 399,
        "solve_rate": 56.03932584269663,
        "avg_par2": 1065.943117350037,
        "sbs_name": "cvc5",
        "sbs_solved": 396,
        "sbs_solve_rate": 55.61797752808989,
        "sbs_avg_par2": 1075.190123376586,
        "vbs_solved": 406,
        "vbs_solve_rate": 57.02247191011236,
        "vbs_avg_par2": 1040.1315501482006,
        "gap_cls_solved": 0.3,
        "gap_cls_par2": 0.2637587664024508
      }
    },
    {
      "fold": 4,
      "train_size": 2137,
      "test_size": 712,
      "train_metrics": {
        "total_instances": 2137,
        "solved": 1249,
        "solve_rate": 58.44642021525503,
        "avg_par2": 1009.9772457195754,
        "sbs_name": "cvc5",
        "sbs_solved": 1226,
        "sbs_solve_rate": 57.37014506317267,
        "sbs_avg_par2": 1036.0370677824426,
        "vbs_solved": 1250,
        "vbs_solve_rate": 58.4932147870847,
        "vbs_avg_par2": 1008.736162755838,
        "gap_cls_solved": 0.9583333333333334,
        "gap_cls_par2": 0.954540592609366
      },
      "test_metrics": {
        "total_instances": 712,
        "solved": 402,
        "solve_rate": 56.46067415730337,
        "avg_par2": 1056.1553483724852,
        "sbs_name": "cvc5",
        "sbs_solved": 402,
        "sbs_solve_rate": 56.46067415730337,
        "sbs_avg_par2": 1051.9371597278903,
        "vbs_solved": 407,
        "vbs_solve_rate": 57.16292134831461,
        "vbs_avg_par2": 1037.8635515997712,
        "gap_cls_solved": 0.0,
        "gap_cls_par2": -0.29972332654104045
      }
    }
  ],
  "aggregated": {
    "test_solve_rate_mean": 57.387482862410764,
    "test_solve_rate_std": 1.7795064854676201,
    "test_avg_par2_mean": 1036.2141184270536,
    "test_avg_par2_std": 40.08836744643924,
    "test_sbs_solve_rate_mean": 57.14184408339506,
    "test_sbs_solve_rate_std": 1.701495051522997,
    "test_sbs_avg_par2_mean": 1040.0334501978866,
    "test_sbs_avg_par2_std": 38.39288279617805,
    "test_vbs_solve_rate_mean": 58.15975778873883,
    "test_vbs_solve_rate_std": 1.6524610427588533,
    "test_vbs_avg_par2_mean": 1016.038104893667,
    "test_vbs_avg_par2_std": 37.3085777612918,
    "test_gap_cls_solved_mean": 0.21785714285714286,
    "test_gap_cls_solved_std": 0.16142699114270745,
    "test_gap_cls_par2_mean": 0.099665728471713,
    "test_gap_cls_par2_std": 0.2471208561765593,
    "train_solve_rate_mean": 58.13724961837012,
    "train_solve_rate_std": 0.5365204934677632,
    "train_avg_par2_mean": 1016.8158516723989,
    "train_avg_par2_std": 12.187868907440494,
    "train_sbs_solve_rate_mean": 57.14274447534872,
    "train_sbs_solve_rate_std": 0.5676632935723944,
    "train_sbs_avg_par2_mean": 1040.0132261965011,
    "train_sbs_avg_par2_std": 12.808714146476147,
    "train_vbs_solve_rate_mean": 58.160646904284945,
    "train_vbs_solve_rate_std": 0.5513293431144276,
    "train_vbs_avg_par2_mean": 1016.017973153285,
    "train_vbs_avg_par2_std": 12.447783997664292,
    "train_gap_cls_solved_mean": 0.9764254385964912,
    "train_gap_cls_solved_std": 0.023891182641996637,
    "train_gap_cls_par2_mean": 0.9657203089578403,
    "train_gap_cls_par2_std": 0.02429799683255919
  }
}