{
  "n_splits": 4,
  "n_instances": 1537,
  "model_type": "SVM",
  "folds_dir": "data/foiks26/perf_data/folds/ALIA",
  "feature_csv_path": [
    "data/features/syntactic/catalog1/ALIA.CSV",
    "data/features/native_desc/all_minilm_l6_v2/ALIA.CSV"
  ],
  "svm_c": 1.0,
  "folds": [
    {
      "fold": 1,
      "train_size": 1152,
      "test_size": 385,
      "train_metrics": {
        "total_instances": 1152,
        "solved": 274,
        "solve_rate": 23.78472222222222,
        "avg_par2": 1847.1384880182668,
        "sbs_name": "iProver",
        "sbs_solved": 219,
        "sbs_solve_rate": 19.010416666666664,
        "sbs_avg_par2": 1961.8155879599112,
        "vbs_solved": 290,
        "vbs_solve_rate": 25.17361111111111,
        "vbs_avg_par2": 1810.2036086274977,
        "gap_cls_solved": 0.7746478873239436,
        "gap_cls_par2": 0.7563854811908476
      },
      "test_metrics": {
        "total_instances": 385,
        "solved": 90,
        "solve_rate": 23.376623376623375,
        "avg_par2": 1863.657065313016,
        "sbs_name": "iProver",
        "sbs_solved": 79,
        "sbs_solve_rate": 20.51948051948052,
        "sbs_avg_par2": 1936.977077292184,
        "vbs_solved": 100,
        "vbs_solve_rate": 25.97402597402597,
        "vbs_avg_par2": 1801.819572665035,
        "gap_cls_solved": 0.5238095238095238,
        "gap_cls_par2": 0.5424782899139168
      }
    },
    {
      "fold": 2,
      "train_size": 1153,
      "test_size": 384,
      "train_metrics": {
        "total_instances": 1153,
        "solved": 279,
        "solve_rate": 24.197745013009538,
        "avg_par2": 1840.7936874103013,
        "sbs_name": "iProver",
        "sbs_solved": 226,
        "sbs_solve_rate": 19.601040763226365,
        "sbs_avg_par2": 1950.972029821457,
        "vbs_solved": 290,
        "vbs_solve_rate": 25.151777970511706,
        "vbs_avg_par2": 1812.5716901339645,
        "gap_cls_solved": 0.828125,
        "gap_cls_par2": 0.7960843351969942
      },
      "test_metrics": {
        "total_instances": 384,
        "solved": 84,
        "solve_rate": 21.875,
        "avg_par2": 1891.073807237787,
        "sbs_name": "cvc5",
        "sbs_solved": 73,
        "sbs_solve_rate": 19.010416666666664,
        "sbs_avg_par2": 1955.8252313488774,
        "vbs_solved": 100,
        "vbs_solve_rate": 26.041666666666668,
        "vbs_avg_par2": 1794.6873278397268,
        "gap_cls_solved": 0.4074074074074074,
        "gap_cls_par2": 0.401838566227923
      }
    },
    {
      "fold": 3,
      "train_size": 1153,
      "test_size": 384,
      "train_metrics": {
        "total_instances": 1153,
        "solved": 274,
        "solve_rate": 23.76409366869037,
        "avg_par2": 1848.63208070789,
        "sbs_name": "iProver",
        "sbs_solved": 221,
        "sbs_solve_rate": 19.1673894189072,
        "sbs_avg_par2": 1959.920415409452,
        "vbs_solved": 288,
        "vbs_solve_rate": 24.978317432784042,
        "vbs_avg_par2": 1818.240175768375,
        "gap_cls_solved": 0.7910447761194029,
        "gap_cls_par2": 0.7854894583993656
      },
      "test_metrics": {
        "total_instances": 384,
        "solved": 91,
        "solve_rate": 23.697916666666664,
        "avg_par2": 1852.108989603718,
        "sbs_name": "cvc5",
        "sbs_solved": 76,
        "sbs_solve_rate": 19.791666666666664,
        "sbs_avg_par2": 1936.846946924835,
        "vbs_solved": 102,
        "vbs_solve_rate": 26.5625,
        "vbs_avg_par2": 1777.6671092551553,
        "gap_cls_solved": 0.5769230769230769,
        "gap_cls_par2": 0.5323410210843409
      }
    },
    {
      "fold": 4,
      "train_size": 1153,
      "test_size": 384,
      "train_metrics": {
        "total_instances": 1153,
        "solved": 283,
        "solve_rate": 24.544666088464876,
        "avg_par2": 1835.3157050353398,
        "sbs_name": "iProver",
        "sbs_solved": 228,
        "sbs_solve_rate": 19.774501300954032,
        "sbs_avg_par2": 1949.6727229669305,
        "vbs_solved": 302,
        "vbs_solve_rate": 26.192541196877713,
        "vbs_avg_par2": 1791.4003810238275,
        "gap_cls_solved": 0.7432432432432432,
        "gap_cls_par2": 0.7225331762178684
      },
      "test_metrics": {
        "total_instances": 384,
        "solved": 79,
        "solve_rate": 20.572916666666664,
        "avg_par2": 1918.6984610751558,
        "sbs_name": "iProver",
        "sbs_solved": 70,
        "sbs_solve_rate": 18.229166666666664,
        "sbs_avg_par2": 1973.3726106938495,
        "vbs_solved": 88,
        "vbs_solve_rate": 22.916666666666664,
        "vbs_avg_par2": 1858.2563887876113,
        "gap_cls_solved": 0.5,
        "gap_cls_par2": 0.4749473941494155
      }
    }
  ],
  "aggregated": {
    "test_solve_rate_mean": 22.38061417748917,
    "test_solve_rate_std": 1.250073613818914,
    "test_avg_par2_mean": 1881.3845808074193,
    "test_avg_par2_std": 25.7756271280858,
    "test_sbs_solve_rate_mean": 19.387682629870127,
    "test_sbs_solve_rate_std": 0.8556661745245704,
    "test_sbs_avg_par2_mean": 1950.7554665649363,
    "test_sbs_avg_par2_std": 15.170107556005503,
    "test_vbs_solve_rate_mean": 25.373714826839823,
    "test_vbs_solve_rate_std": 1.4367349253689587,
    "test_vbs_avg_par2_mean": 1808.107599636882,
    "test_vbs_avg_par2_std": 30.25379102803686,
    "test_gap_cls_solved_mean": 0.502035002035002,
    "test_gap_cls_solved_std": 0.06132062552118551,
    "test_gap_cls_par2_mean": 0.48790131784389906,
    "test_gap_cls_par2_std": 0.055964574641521485,
    "train_solve_rate_mean": 24.072806748096752,
    "train_solve_rate_std": 0.32270623892984374,
    "train_avg_par2_mean": 1842.9699902929497,
    "train_avg_par2_std": 5.309426009344646,
    "train_sbs_solve_rate_mean": 19.388337037438564,
    "train_sbs_solve_rate_std": 0.3106474569988896,
    "train_sbs_avg_par2_mean": 1955.5951890394376,
    "train_sbs_avg_par2_std": 5.335029320830749,
    "train_vbs_solve_rate_mean": 25.374061927821142,
    "train_vbs_solve_rate_std": 0.47856888397189207,
    "train_vbs_avg_par2_mean": 1808.103963888416,
    "train_vbs_avg_par2_std": 10.07622892784187,
    "train_gap_cls_solved_mean": 0.7842652266716474,
    "train_gap_cls_solved_std": 0.030597950697956032,
    "train_gap_cls_par2_mean": 0.765123112751269,
    "train_gap_cls_par2_std": 0.028564113103666387
  }
}