{
  "n_splits": 4,
  "n_instances": 3103,
  "model_type": "SVM",
  "folds_dir": "data/foiks26/perf_data/folds/QF_NRA",
  "feature_csv_path": [
    "data/features/syntactic/catalog1/QF_NRA.CSV",
    "data/features/native_desc/all_minilm_l6_v2/QF_NRA.CSV"
  ],
  "svm_c": 1.0,
  "folds": [
    {
      "fold": 1,
      "train_size": 2327,
      "test_size": 776,
      "train_metrics": {
        "total_instances": 2327,
        "solved": 2176,
        "solve_rate": 93.51095831542759,
        "avg_par2": 173.3986069898611,
        "sbs_name": "Z3alpha",
        "sbs_solved": 2111,
        "sbs_solve_rate": 90.71766222604212,
        "sbs_avg_par2": 238.74181924536455,
        "vbs_solved": 2193,
        "vbs_solve_rate": 94.24151267726687,
        "vbs_avg_par2": 148.73299276760588,
        "gap_cls_solved": 0.7926829268292683,
        "gap_cls_par2": 0.7259644949559461
      },
      "test_metrics": {
        "total_instances": 776,
        "solved": 726,
        "solve_rate": 93.55670103092784,
        "avg_par2": 174.14823679829044,
        "sbs_name": "Z3alpha",
        "sbs_solved": 701,
        "sbs_solve_rate": 90.33505154639175,
        "sbs_avg_par2": 251.71811974002813,
        "vbs_solved": 739,
        "vbs_solve_rate": 95.23195876288659,
        "vbs_avg_par2": 125.10934056010363,
        "gap_cls_solved": 0.6578947368421053,
        "gap_cls_par2": 0.612673808595079
      }
    },
    {
      "fold": 2,
      "train_size": 2327,
      "test_size": 776,
      "train_metrics": {
        "total_instances": 2327,
        "solved": 2179,
        "solve_rate": 93.63987967339924,
        "avg_par2": 170.48867678735706,
        "sbs_name": "Z3alpha",
        "sbs_solved": 2098,
        "sbs_solve_rate": 90.15900300816502,
        "sbs_avg_par2": 252.5320478174938,
        "vbs_solved": 2194,
        "vbs_solve_rate": 94.28448646325741,
        "vbs_avg_par2": 147.9983619135928,
        "gap_cls_solved": 0.84375,
        "gap_cls_par2": 0.7848510297968458
      },
      "test_metrics": {
        "total_instances": 776,
        "solved": 721,
        "solve_rate": 92.91237113402062,
        "avg_par2": 186.22840131135789,
        "sbs_name": "Z3alpha",
        "sbs_solved": 714,
        "sbs_solve_rate": 92.0103092783505,
        "sbs_avg_par2": 210.36520493674882,
        "vbs_solved": 738,
        "vbs_solve_rate": 95.10309278350515,
        "vbs_avg_par2": 127.31228643289803,
        "gap_cls_solved": 0.2916666666666667,
        "gap_cls_par2": 0.2906195719572675
      }
    },
    {
      "fold": 3,
      "train_size": 2327,
      "test_size": 776,
      "train_metrics": {
        "total_instances": 2327,
        "solved": 2194,
        "solve_rate": 94.28448646325741,
        "avg_par2": 156.53230871881104,
        "sbs_name": "Z3alpha",
        "sbs_solved": 2111,
        "sbs_solve_rate": 90.71766222604212,
        "sbs_avg_par2": 240.32897614862324,
        "vbs_solved": 2210,
        "vbs_solve_rate": 94.97206703910615,
        "vbs_avg_par2": 131.53637690692668,
        "gap_cls_solved": 0.8383838383838383,
        "gap_cls_par2": 0.770242351169929
      },
      "test_metrics": {
        "total_instances": 776,
        "solved": 711,
        "solve_rate": 91.62371134020619,
        "avg_par2": 217.47385204333082,
        "sbs_name": "Z3alpha",
        "sbs_solved": 701,
        "sbs_solve_rate": 90.33505154639175,
        "sbs_avg_par2": 246.9586943355398,
        "vbs_solved": 722,
        "vbs_solve_rate": 93.04123711340206,
        "vbs_avg_par2": 176.6770275546919,
        "gap_cls_solved": 0.47619047619047616,
        "gap_cls_par2": 0.4195239476056898
      }
    },
    {
      "fold": 4,
      "train_size": 2328,
      "test_size": 775,
      "train_metrics": {
        "total_instances": 2328,
        "solved": 2184,
        "solve_rate": 93.81443298969072,
        "avg_par2": 166.59756192168632,
        "sbs_name": "Z3alpha",
        "sbs_solved": 2116,
        "sbs_solve_rate": 90.893470790378,
        "sbs_avg_par2": 236.34733967077224,
        "vbs_solved": 2199,
        "vbs_solve_rate": 94.45876288659794,
        "vbs_avg_par2": 143.03288484923118,
        "gap_cls_solved": 0.8192771084337349,
        "gap_cls_par2": 0.7474702379441499
      },
      "test_metrics": {
        "total_instances": 775,
        "solved": 719,
        "solve_rate": 92.7741935483871,
        "avg_par2": 191.00304539173425,
        "sbs_name": "cvc5",
        "sbs_solved": 707,
        "sbs_solve_rate": 91.2258064516129,
        "sbs_avg_par2": 246.73795833696784,
        "vbs_solved": 733,
        "vbs_solve_rate": 94.58064516129032,
        "vbs_avg_par2": 142.20124711722463,
        "gap_cls_solved": 0.46153846153846156,
        "gap_cls_par2": 0.5331611478390118
      }
    }
  ],
  "aggregated": {
    "test_solve_rate_mean": 92.71674426338544,
    "test_solve_rate_std": 0.6967457634165742,
    "test_avg_par2_mean": 192.21338388617835,
    "test_avg_par2_std": 15.825025485900305,
    "test_sbs_solve_rate_mean": 90.97655470568674,
    "test_sbs_solve_rate_std": 0.6988969087285654,
    "test_sbs_avg_par2_mean": 238.94499433732116,
    "test_sbs_avg_par2_std": 16.620068970190705,
    "test_vbs_solve_rate_mean": 94.48923345527103,
    "test_vbs_solve_rate_std": 0.8708492497981416,
    "test_vbs_avg_par2_mean": 142.82497541622956,
    "test_vbs_avg_par2_std": 20.62060685834265,
    "test_gap_cls_solved_mean": 0.47182258530942744,
    "test_gap_cls_solved_std": 0.12961851938525426,
    "test_gap_cls_par2_mean": 0.4639946189992621,
    "test_gap_cls_par2_std": 0.12137345022864116,
    "train_solve_rate_mean": 93.81243936044373,
    "train_solve_rate_std": 0.29304441127979297,
    "train_avg_par2_mean": 166.75428860442887,
    "train_avg_par2_std": 6.375854020106747,
    "train_sbs_solve_rate_mean": 90.62194956265681,
    "train_sbs_solve_rate_std": 0.2767512950663775,
    "train_sbs_avg_par2_mean": 241.98754572056347,
    "train_sbs_avg_par2_std": 6.25068080558116,
    "train_vbs_solve_rate_mean": 94.48920726655709,
    "train_vbs_solve_rate_std": 0.2904064552848928,
    "train_vbs_avg_par2_mean": 142.82515410933914,
    "train_vbs_avg_par2_std": 6.876486737137382,
    "train_gap_cls_solved_mean": 0.8235234684117104,
    "train_gap_cls_solved_std": 0.01999446019502333,
    "train_gap_cls_par2_mean": 0.7571320284667177,
    "train_gap_cls_par2_std": 0.02238855141232365
  }
}