{
  "n_splits": 4,
  "n_instances": 1208,
  "model_type": "MachSMT",
  "folds_dir": "/home/jchen688/projects/def-vganesh/jchen688/SMT_AS_LM/data/foiks26/perf_data/folds/QF_IDL",
  "selector": "EHM",
  "timeout": 1200,
  "folds": [
    {
      "fold": 1,
      "train_size": 906,
      "test_size": 302,
      "train_metrics": {
        "total_instances": 906,
        "solved": 761,
        "solve_rate": 83.99558498896246,
        "avg_par2": 416.7978534421126,
        "sbs_name": "Z3alpha",
        "sbs_solved": 791,
        "sbs_solve_rate": 87.30684326710816,
        "sbs_avg_par2": 352.37138213929654,
        "vbs_solved": 829,
        "vbs_solve_rate": 91.50110375275938,
        "vbs_avg_par2": 245.21199368048156,
        "gap_cls_solved": -0.7894736842105263,
        "gap_cls_par2": -0.6012209684042512
      },
      "test_metrics": {
        "total_instances": 302,
        "solved": 244,
        "solve_rate": 80.79470198675497,
        "avg_par2": 489.92793829115243,
        "sbs_name": "Z3alpha",
        "sbs_solved": 256,
        "sbs_solve_rate": 84.76821192052981,
        "sbs_avg_par2": 407.108893787792,
        "vbs_solved": 272,
        "vbs_solve_rate": 90.06622516556291,
        "vbs_avg_par2": 276.3238674346526,
        "gap_cls_solved": -0.75,
        "gap_cls_par2": -0.6332456154402297
      }
    },
    {
      "fold": 2,
      "train_size": 906,
      "test_size": 302,
      "train_metrics": {
        "total_instances": 906,
        "solved": 760,
        "solve_rate": 83.88520971302428,
        "avg_par2": 416.7971075472164,
        "sbs_name": "Z3alpha",
        "sbs_solved": 780,
        "sbs_solve_rate": 86.09271523178808,
        "sbs_avg_par2": 381.6335399681665,
        "vbs_solved": 822,
        "vbs_solve_rate": 90.72847682119205,
        "vbs_avg_par2": 261.7448322202752,
        "gap_cls_solved": -0.47619047619047616,
        "gap_cls_par2": -0.2933017482596765
      },
      "test_metrics": {
        "total_instances": 302,
        "solved": 251,
        "solve_rate": 83.11258278145695,
        "avg_par2": 432.9944327896629,
        "sbs_name": "Z3alpha",
        "sbs_solved": 267,
        "sbs_solve_rate": 88.41059602649007,
        "sbs_avg_par2": 319.32242030118175,
        "vbs_solved": 279,
        "vbs_solve_rate": 92.3841059602649,
        "vbs_avg_par2": 226.72535181527167,
        "gap_cls_solved": -1.3333333333333333,
        "gap_cls_par2": -1.2275983932015935
      }
    },
    {
      "fold": 3,
      "train_size": 906,
      "test_size": 302,
      "train_metrics": {
        "total_instances": 906,
        "solved": 776,
        "solve_rate": 85.65121412803532,
        "avg_par2": 377.78278200340185,
        "sbs_name": "Z3alpha",
        "sbs_solved": 787,
        "sbs_solve_rate": 86.86534216335541,
        "sbs_avg_par2": 357.70645153548253,
        "vbs_solved": 823,
        "vbs_solve_rate": 90.83885209713024,
        "vbs_avg_par2": 256.1912655598412,
        "gap_cls_solved": -0.3055555555555556,
        "gap_cls_par2": -0.1977667703109627
      },
      "test_metrics": {
        "total_instances": 302,
        "solved": 253,
        "solve_rate": 83.77483443708608,
        "avg_par2": 418.44089334425183,
        "sbs_name": "Z3alpha",
        "sbs_solved": 260,
        "sbs_solve_rate": 86.09271523178808,
        "sbs_avg_par2": 391.10368559923427,
        "vbs_solved": 278,
        "vbs_solve_rate": 92.05298013245033,
        "vbs_avg_par2": 243.38605179657344,
        "gap_cls_solved": -0.3888888888888889,
        "gap_cls_par2": -0.18506394288401568
      }
    },
    {
      "fold": 4,
      "train_size": 906,
      "test_size": 302,
      "train_metrics": {
        "total_instances": 906,
        "solved": 795,
        "solve_rate": 87.74834437086093,
        "avg_par2": 336.35798147780093,
        "sbs_name": "Z3alpha",
        "sbs_solved": 783,
        "sbs_solve_rate": 86.42384105960265,
        "sbs_avg_par2": 372.5116665627363,
        "vbs_solved": 829,
        "vbs_solve_rate": 91.50110375275938,
        "vbs_avg_par2": 248.81175701549915,
        "gap_cls_solved": 0.2608695652173913,
        "gap_cls_par2": 0.2922692928173032
      },
      "test_metrics": {
        "total_instances": 302,
        "solved": 264,
        "solve_rate": 87.41721854304636,
        "avg_par2": 346.58779222594376,
        "sbs_name": "Z3alpha",
        "sbs_solved": 264,
        "sbs_solve_rate": 87.41721854304636,
        "sbs_avg_par2": 346.6880405174743,
        "vbs_solved": 272,
        "vbs_solve_rate": 90.06622516556291,
        "vbs_avg_par2": 265.52457742959933,
        "gap_cls_solved": 0.0,
        "gap_cls_par2": 0.0012351406373825582
      }
    }
  ],
  "aggregated": {
    "test_solve_rate_mean": 83.7748344370861,
    "test_solve_rate_std": 2.376274850067437,
    "test_avg_par2_mean": 421.98776416275274,
    "test_avg_par2_std": 51.07531222502363,
    "test_sbs_solve_rate_mean": 86.67218543046359,
    "test_sbs_solve_rate_std": 1.3727751615709427,
    "test_sbs_avg_par2_mean": 366.0557600514206,
    "test_sbs_avg_par2_std": 34.89939816093564,
    "test_vbs_solve_rate_mean": 91.14238410596026,
    "test_vbs_solve_rate_std": 1.08250801577997,
    "test_vbs_avg_par2_mean": 252.98996211902426,
    "test_vbs_avg_par2_std": 19.259105418947133,
    "test_gap_cls_solved_mean": -0.6180555555555555,
    "test_gap_cls_solved_std": 0.4908007912245727,
    "test_gap_cls_par2_mean": -0.511168202722114,
    "test_gap_cls_par2_std": 0.47357055627882855,
    "train_solve_rate_mean": 85.32008830022076,
    "train_solve_rate_std": 1.5667847203728957,
    "train_avg_par2_mean": 386.93393111763294,
    "train_avg_par2_std": 33.26158961605977,
    "train_sbs_solve_rate_mean": 86.67218543046357,
    "train_sbs_solve_rate_std": 0.45759172052364694,
    "train_sbs_avg_par2_mean": 366.05576005142046,
    "train_sbs_avg_par2_std": 11.63313272031189,
    "train_vbs_solve_rate_mean": 91.14238410596026,
    "train_vbs_solve_rate_std": 0.36083600525998905,
    "train_vbs_avg_par2_mean": 252.98996211902426,
    "train_vbs_avg_par2_std": 6.419701806315734,
    "train_gap_cls_solved_mean": -0.32758753768479165,
    "train_gap_cls_solved_std": 0.38150649269622205,
    "train_gap_cls_par2_mean": -0.20000504853939682,
    "train_gap_cls_par2_std": 0.32094295660572536
  }
}