{
  "n_splits": 4,
  "n_instances": 3103,
  "model_type": "MachSMT",
  "folds_dir": "/home/jchen688/projects/def-vganesh/jchen688/SMT_AS_LM/data/foiks26/perf_data/folds/QF_NRA",
  "selector": "EHM",
  "timeout": 1200,
  "folds": [
    {
      "fold": 1,
      "train_size": 2327,
      "test_size": 776,
      "train_metrics": {
        "total_instances": 2327,
        "solved": 2127,
        "solve_rate": 91.40524280189085,
        "avg_par2": 218.61346047937278,
        "sbs_name": "Z3alpha",
        "sbs_solved": 2111,
        "sbs_solve_rate": 90.71766222604212,
        "sbs_avg_par2": 238.74181924536515,
        "vbs_solved": 2193,
        "vbs_solve_rate": 94.24151267726687,
        "vbs_avg_par2": 148.73299276760616,
        "gap_cls_solved": 0.1951219512195122,
        "gap_cls_par2": 0.2236264992407834
      },
      "test_metrics": {
        "total_instances": 776,
        "solved": 713,
        "solve_rate": 91.88144329896907,
        "avg_par2": 209.95154913064997,
        "sbs_name": "Z3alpha",
        "sbs_solved": 701,
        "sbs_solve_rate": 90.33505154639175,
        "sbs_avg_par2": 251.71811974002813,
        "vbs_solved": 739,
        "vbs_solve_rate": 95.23195876288659,
        "vbs_avg_par2": 125.10934056010363,
        "gap_cls_solved": 0.3157894736842105,
        "gap_cls_par2": 0.3298868441818196
      }
    },
    {
      "fold": 2,
      "train_size": 2327,
      "test_size": 776,
      "train_metrics": {
        "total_instances": 2327,
        "solved": 2125,
        "solve_rate": 91.31929522990976,
        "avg_par2": 224.11039961897723,
        "sbs_name": "Z3alpha",
        "sbs_solved": 2098,
        "sbs_solve_rate": 90.15900300816502,
        "sbs_avg_par2": 252.53204781749446,
        "vbs_solved": 2194,
        "vbs_solve_rate": 94.28448646325741,
        "vbs_avg_par2": 147.99836191359313,
        "gap_cls_solved": 0.28125,
        "gap_cls_par2": 0.2718898501737085
      },
      "test_metrics": {
        "total_instances": 776,
        "solved": 721,
        "solve_rate": 92.91237113402062,
        "avg_par2": 186.129626464635,
        "sbs_name": "Z3alpha",
        "sbs_solved": 714,
        "sbs_solve_rate": 92.0103092783505,
        "sbs_avg_par2": 210.36520493674882,
        "vbs_solved": 738,
        "vbs_solve_rate": 95.10309278350515,
        "vbs_avg_par2": 127.31228643289803,
        "gap_cls_solved": 0.2916666666666667,
        "gap_cls_par2": 0.29180887208665784
      }
    },
    {
      "fold": 3,
      "train_size": 2327,
      "test_size": 776,
      "train_metrics": {
        "total_instances": 2327,
        "solved": 2122,
        "solve_rate": 91.1903738719381,
        "avg_par2": 226.31987136961953,
        "sbs_name": "Z3alpha",
        "sbs_solved": 2111,
        "sbs_solve_rate": 90.71766222604212,
        "sbs_avg_par2": 240.3289761486233,
        "vbs_solved": 2210,
        "vbs_solve_rate": 94.97206703910615,
        "vbs_avg_par2": 131.53637690692682,
        "gap_cls_solved": 0.1111111111111111,
        "gap_cls_par2": 0.1287689132960301
      },
      "test_metrics": {
        "total_instances": 776,
        "solved": 694,
        "solve_rate": 89.43298969072166,
        "avg_par2": 269.08581662161845,
        "sbs_name": "Z3alpha",
        "sbs_solved": 701,
        "sbs_solve_rate": 90.33505154639175,
        "sbs_avg_par2": 246.9586943355398,
        "vbs_solved": 722,
        "vbs_solve_rate": 93.04123711340206,
        "vbs_avg_par2": 176.6770275546919,
        "gap_cls_solved": -0.3333333333333333,
        "gap_cls_par2": -0.31483491071825853
      }
    },
    {
      "fold": 4,
      "train_size": 2328,
      "test_size": 775,
      "train_metrics": {
        "total_instances": 2328,
        "solved": 2121,
        "solve_rate": 91.1082474226804,
        "avg_par2": 224.041274620179,
        "sbs_name": "Z3alpha",
        "sbs_solved": 2116,
        "sbs_solve_rate": 90.893470790378,
        "sbs_avg_par2": 236.34733967077221,
        "vbs_solved": 2199,
        "vbs_solve_rate": 94.45876288659794,
        "vbs_avg_par2": 143.0328848492314,
        "gap_cls_solved": 0.060240963855421686,
        "gap_cls_par2": 0.13187737177619424
      },
      "test_metrics": {
        "total_instances": 775,
        "solved": 702,
        "solve_rate": 90.58064516129032,
        "avg_par2": 234.80863509280724,
        "sbs_name": "cvc5",
        "sbs_solved": 707,
        "sbs_solve_rate": 91.2258064516129,
        "sbs_avg_par2": 246.73795833696784,
        "vbs_solved": 733,
        "vbs_solve_rate": 94.58064516129032,
        "vbs_avg_par2": 142.20124711722463,
        "gap_cls_solved": -0.19230769230769232,
        "gap_cls_par2": 0.11411611389882315
      }
    }
  ],
  "aggregated": {
    "test_solve_rate_mean": 91.2018623212504,
    "test_solve_rate_std": 1.3136296897056068,
    "test_avg_par2_mean": 224.99390682742768,
    "test_avg_par2_std": 30.729180811640003,
    "test_sbs_solve_rate_mean": 90.97655470568674,
    "test_sbs_solve_rate_std": 0.6988969087285654,
    "test_sbs_avg_par2_mean": 238.94499433732116,
    "test_sbs_avg_par2_std": 16.620068970190705,
    "test_vbs_solve_rate_mean": 94.48923345527103,
    "test_vbs_solve_rate_std": 0.8708492497981416,
    "test_vbs_avg_par2_mean": 142.82497541622956,
    "test_vbs_avg_par2_std": 20.62060685834265,
    "test_gap_cls_solved_mean": 0.020453778677462876,
    "test_gap_cls_solved_std": 0.2877552638603114,
    "test_gap_cls_par2_mean": 0.10524422986226054,
    "test_gap_cls_par2_std": 0.25583972745347294,
    "train_solve_rate_mean": 91.25578983160477,
    "train_solve_rate_std": 0.11447394479915654,
    "train_avg_par2_mean": 223.27125152203715,
    "train_avg_par2_std": 2.8410475828674464,
    "train_sbs_solve_rate_mean": 90.62194956265681,
    "train_sbs_solve_rate_std": 0.2767512950663775,
    "train_sbs_avg_par2_mean": 241.9875457205638,
    "train_sbs_avg_par2_std": 6.250680805581361,
    "train_vbs_solve_rate_mean": 94.48920726655709,
    "train_vbs_solve_rate_std": 0.2904064552848928,
    "train_vbs_avg_par2_mean": 142.82515410933937,
    "train_vbs_avg_par2_std": 6.8764867371374505,
    "train_gap_cls_solved_mean": 0.16193100654651124,
    "train_gap_cls_solved_std": 0.08405680751970736,
    "train_gap_cls_par2_mean": 0.18904065862167907,
    "train_gap_cls_par2_std": 0.061156548217942315
  }
}