{
  "n_splits": 4,
  "n_instances": 2487,
  "model_type": "MachSMT",
  "folds_dir": "/home/jchen688/projects/def-vganesh/jchen688/SMT_AS_LM/data/foiks26/perf_data/folds/ABV",
  "selector": "EHM",
  "timeout": 1200,
  "folds": [
    {
      "fold": 1,
      "train_size": 1865,
      "test_size": 622,
      "train_metrics": {
        "total_instances": 1865,
        "solved": 641,
        "solve_rate": 34.369973190348524,
        "avg_par2": 1576.5555035239972,
        "sbs_name": "cvc5",
        "sbs_solved": 636,
        "sbs_solve_rate": 34.101876675603215,
        "sbs_avg_par2": 1583.6852360650978,
        "vbs_solved": 734,
        "vbs_solve_rate": 39.35656836461126,
        "vbs_avg_par2": 1457.6074903309693,
        "gap_cls_solved": 0.05102040816326531,
        "gap_cls_par2": 0.05655028569542857
      },
      "test_metrics": {
        "total_instances": 622,
        "solved": 210,
        "solve_rate": 33.762057877813504,
        "avg_par2": 1592.3163549329597,
        "sbs_name": "cvc5",
        "sbs_solved": 201,
        "sbs_solve_rate": 32.31511254019293,
        "sbs_avg_par2": 1626.9784396273642,
        "vbs_solved": 237,
        "vbs_solve_rate": 38.10289389067524,
        "vbs_avg_par2": 1487.8857658271154,
        "gap_cls_solved": 0.25,
        "gap_cls_par2": 0.24920136875205057
      }
    },
    {
      "fold": 2,
      "train_size": 1865,
      "test_size": 622,
      "train_metrics": {
        "total_instances": 1865,
        "solved": 668,
        "solve_rate": 35.81769436997319,
        "avg_par2": 1542.4913755376901,
        "sbs_name": "cvc5",
        "sbs_solved": 626,
        "sbs_solve_rate": 33.565683646112596,
        "sbs_avg_par2": 1596.5905424017983,
        "vbs_solved": 722,
        "vbs_solve_rate": 38.71313672922252,
        "vbs_avg_par2": 1473.021022470807,
        "gap_cls_solved": 0.4375,
        "gap_cls_par2": 0.43780348822525533
      },
      "test_metrics": {
        "total_instances": 622,
        "solved": 223,
        "solve_rate": 35.852090032154344,
        "avg_par2": 1541.7402554222508,
        "sbs_name": "cvc5",
        "sbs_solved": 211,
        "sbs_solve_rate": 33.92282958199357,
        "sbs_avg_par2": 1588.2832686981878,
        "vbs_solved": 249,
        "vbs_solve_rate": 40.032154340836016,
        "vbs_avg_par2": 1441.6699500058962,
        "gap_cls_solved": 0.3157894736842105,
        "gap_cls_par2": 0.31745419646096645
      }
    },
    {
      "fold": 3,
      "train_size": 1865,
      "test_size": 622,
      "train_metrics": {
        "total_instances": 1865,
        "solved": 602,
        "solve_rate": 32.27882037533512,
        "avg_par2": 1627.9643862876947,
        "sbs_name": "cvc5",
        "sbs_solved": 626,
        "sbs_solve_rate": 33.565683646112596,
        "sbs_avg_par2": 1596.5262271992012,
        "vbs_solved": 732,
        "vbs_solve_rate": 39.24932975871314,
        "vbs_avg_par2": 1460.0239538038736,
        "gap_cls_solved": -0.22641509433962265,
        "gap_cls_par2": -0.2303123479668693
      },
      "test_metrics": {
        "total_instances": 622,
        "solved": 187,
        "solve_rate": 30.064308681672024,
        "avg_par2": 1681.0012235388385,
        "sbs_name": "cvc5",
        "sbs_solved": 211,
        "sbs_solve_rate": 33.92282958199357,
        "sbs_avg_par2": 1588.4761109053318,
        "vbs_solved": 239,
        "vbs_solve_rate": 38.42443729903537,
        "vbs_avg_par2": 1480.6402603979072,
        "gap_cls_solved": -0.8571428571428571,
        "gap_cls_par2": -0.8580181099154623
      }
    },
    {
      "fold": 4,
      "train_size": 1866,
      "test_size": 621,
      "train_metrics": {
        "total_instances": 1866,
        "solved": 613,
        "solve_rate": 32.85101822079314,
        "avg_par2": 1613.529601671429,
        "sbs_name": "cvc5",
        "sbs_solved": 623,
        "sbs_solve_rate": 33.38692390139336,
        "sbs_avg_par2": 1601.2459397436282,
        "vbs_solved": 725,
        "vbs_solve_rate": 38.853161843515544,
        "vbs_avg_par2": 1470.0653254103067,
        "gap_cls_solved": -0.09803921568627451,
        "gap_cls_par2": -0.09363930783696993
      },
      "test_metrics": {
        "total_instances": 621,
        "solved": 212,
        "solve_rate": 34.13848631239936,
        "avg_par2": 1581.309394345254,
        "sbs_name": "cvc5",
        "sbs_solved": 214,
        "sbs_solve_rate": 34.46054750402576,
        "sbs_avg_par2": 1574.2812095781264,
        "vbs_solved": 246,
        "vbs_solve_rate": 39.61352657004831,
        "vbs_avg_par2": 1450.500835098377,
        "gap_cls_solved": -0.0625,
        "gap_cls_par2": -0.05677947571791724
      }
    }
  ],
  "aggregated": {
    "test_solve_rate_mean": 33.454235726009806,
    "test_solve_rate_std": 2.1097549609814936,
    "test_avg_par2_mean": 1599.0918070598257,
    "test_avg_par2_std": 50.893206660232686,
    "test_sbs_solve_rate_mean": 33.655329802051455,
    "test_sbs_solve_rate_std": 0.8043118364624676,
    "test_sbs_avg_par2_mean": 1594.5047572022524,
    "test_sbs_avg_par2_std": 19.612390370196387,
    "test_vbs_solve_rate_mean": 39.04325302514873,
    "test_vbs_solve_rate_std": 0.8016149220251132,
    "test_vbs_avg_par2_mean": 1465.174202832324,
    "test_vbs_avg_par2_std": 19.511353437630806,
    "test_gap_cls_solved_mean": -0.08846334586466165,
    "test_gap_cls_solved_std": 0.46624029882521095,
    "test_gap_cls_par2_mean": -0.08703550510509066,
    "test_gap_cls_par2_std": 0.46690383331278307,
    "train_solve_rate_mean": 33.82937653911249,
    "train_solve_rate_std": 1.379045136307988,
    "train_avg_par2_mean": 1590.1352167552027,
    "train_avg_par2_std": 33.28921571067684,
    "train_sbs_solve_rate_mean": 33.655041967305436,
    "train_sbs_solve_rate_std": 0.26810369866005174,
    "train_sbs_avg_par2_mean": 1594.5119863524314,
    "train_sbs_avg_par2_std": 6.537243522660095,
    "train_vbs_solve_rate_mean": 39.04304917401562,
    "train_vbs_solve_rate_std": 0.2672757854766791,
    "train_vbs_avg_par2_mean": 1465.1794480039894,
    "train_vbs_avg_par2_std": 6.50530075395529,
    "train_gap_cls_solved_mean": 0.04101652453434204,
    "train_gap_cls_solved_std": 0.24907598924165752,
    "train_gap_cls_par2_mean": 0.04260052952921117,
    "train_gap_cls_par2_std": 0.24971118629726935
  }
}