{
  "n_splits": 4,
  "n_instances": 1208,
  "model_type": "SVM",
  "folds_dir": "data/foiks26/perf_data/folds/QF_IDL",
  "feature_csv_path": [
    "data/features/syntactic/catalog1/QF_IDL.CSV",
    "data/features/native_desc/all_minilm_l6_v2/QF_IDL.CSV"
  ],
  "svm_c": 1.0,
  "folds": [
    {
      "fold": 1,
      "train_size": 906,
      "test_size": 302,
      "train_metrics": {
        "total_instances": 906,
        "solved": 822,
        "solve_rate": 90.72847682119205,
        "avg_par2": 267.8889614663456,
        "sbs_name": "Z3alpha",
        "sbs_solved": 791,
        "sbs_solve_rate": 87.30684326710816,
        "sbs_avg_par2": 352.37138213929677,
        "vbs_solved": 829,
        "vbs_solve_rate": 91.50110375275938,
        "vbs_avg_par2": 245.2119936804815,
        "gap_cls_solved": 0.8157894736842105,
        "gap_cls_par2": 0.7883809518511802
      },
      "test_metrics": {
        "total_instances": 302,
        "solved": 268,
        "solve_rate": 88.74172185430463,
        "avg_par2": 309.7370040925462,
        "sbs_name": "Z3alpha",
        "sbs_solved": 256,
        "sbs_solve_rate": 84.76821192052981,
        "sbs_avg_par2": 407.108893787792,
        "vbs_solved": 272,
        "vbs_solve_rate": 90.06622516556291,
        "vbs_avg_par2": 276.3238674346526,
        "gap_cls_solved": 0.75,
        "gap_cls_par2": 0.7445186380306787
      }
    },
    {
      "fold": 2,
      "train_size": 906,
      "test_size": 302,
      "train_metrics": {
        "total_instances": 906,
        "solved": 815,
        "solve_rate": 89.95584988962473,
        "avg_par2": 282.71975682177816,
        "sbs_name": "Z3alpha",
        "sbs_solved": 780,
        "sbs_solve_rate": 86.09271523178808,
        "sbs_avg_par2": 381.6335399681669,
        "vbs_solved": 822,
        "vbs_solve_rate": 90.72847682119205,
        "vbs_avg_par2": 261.7448322202751,
        "gap_cls_solved": 0.8333333333333334,
        "gap_cls_par2": 0.8250467037678793
      },
      "test_metrics": {
        "total_instances": 302,
        "solved": 274,
        "solve_rate": 90.72847682119205,
        "avg_par2": 265.64219889751007,
        "sbs_name": "Z3alpha",
        "sbs_solved": 267,
        "sbs_solve_rate": 88.41059602649007,
        "sbs_avg_par2": 319.32242030118175,
        "vbs_solved": 279,
        "vbs_solve_rate": 92.3841059602649,
        "vbs_avg_par2": 226.72535181527167,
        "gap_cls_solved": 0.5833333333333334,
        "gap_cls_par2": 0.5797183677779159
      }
    },
    {
      "fold": 3,
      "train_size": 906,
      "test_size": 302,
      "train_metrics": {
        "total_instances": 906,
        "solved": 817,
        "solve_rate": 90.17660044150111,
        "avg_par2": 276.8644394942177,
        "sbs_name": "Z3alpha",
        "sbs_solved": 787,
        "sbs_solve_rate": 86.86534216335541,
        "sbs_avg_par2": 357.7064515354827,
        "vbs_solved": 823,
        "vbs_solve_rate": 90.83885209713024,
        "vbs_avg_par2": 256.1912655598412,
        "gap_cls_solved": 0.8333333333333334,
        "gap_cls_par2": 0.7963538781346761
      },
      "test_metrics": {
        "total_instances": 302,
        "solved": 274,
        "solve_rate": 90.72847682119205,
        "avg_par2": 280.29614376510614,
        "sbs_name": "Z3alpha",
        "sbs_solved": 260,
        "sbs_solve_rate": 86.09271523178808,
        "sbs_avg_par2": 391.10368559923427,
        "vbs_solved": 278,
        "vbs_solve_rate": 92.05298013245033,
        "vbs_avg_par2": 243.38605179657344,
        "gap_cls_solved": 0.7777777777777778,
        "gap_cls_par2": 0.7501307662574552
      }
    },
    {
      "fold": 4,
      "train_size": 906,
      "test_size": 302,
      "train_metrics": {
        "total_instances": 906,
        "solved": 820,
        "solve_rate": 90.50772626931567,
        "avg_par2": 275.4172302015308,
        "sbs_name": "Z3alpha",
        "sbs_solved": 783,
        "sbs_solve_rate": 86.42384105960265,
        "sbs_avg_par2": 372.51166656273597,
        "vbs_solved": 829,
        "vbs_solve_rate": 91.50110375275938,
        "vbs_avg_par2": 248.81175701549924,
        "gap_cls_solved": 0.8043478260869565,
        "gap_cls_par2": 0.7849192187495347
      },
      "test_metrics": {
        "total_instances": 302,
        "solved": 269,
        "solve_rate": 89.0728476821192,
        "avg_par2": 297.22164738670915,
        "sbs_name": "Z3alpha",
        "sbs_solved": 264,
        "sbs_solve_rate": 87.41721854304636,
        "sbs_avg_par2": 346.6880405174743,
        "vbs_solved": 272,
        "vbs_solve_rate": 90.06622516556291,
        "vbs_avg_par2": 265.52457742959933,
        "gap_cls_solved": 0.625,
        "gap_cls_par2": 0.6094662702749428
      }
    }
  ],
  "aggregated": {
    "test_solve_rate_mean": 89.81788079470198,
    "test_solve_rate_std": 0.9180907703981297,
    "test_avg_par2_mean": 288.22424853546784,
    "test_avg_par2_std": 16.707450799328615,
    "test_sbs_solve_rate_mean": 86.67218543046359,
    "test_sbs_solve_rate_std": 1.3727751615709427,
    "test_sbs_avg_par2_mean": 366.0557600514206,
    "test_sbs_avg_par2_std": 34.89939816093564,
    "test_vbs_solve_rate_mean": 91.14238410596026,
    "test_vbs_solve_rate_std": 1.08250801577997,
    "test_vbs_avg_par2_mean": 252.98996211902426,
    "test_vbs_avg_par2_std": 19.259105418947133,
    "test_gap_cls_solved_mean": 0.6840277777777778,
    "test_gap_cls_solved_std": 0.08180013187076211,
    "test_gap_cls_par2_mean": 0.6709585105852481,
    "test_gap_cls_par2_std": 0.07711257630227389,
    "train_solve_rate_mean": 90.34216335540839,
    "train_solve_rate_std": 0.2971945257800445,
    "train_avg_par2_mean": 275.7225969959681,
    "train_avg_par2_std": 5.28495847686734,
    "train_sbs_solve_rate_mean": 86.67218543046357,
    "train_sbs_solve_rate_std": 0.45759172052364694,
    "train_sbs_avg_par2_mean": 366.05576005142063,
    "train_sbs_avg_par2_std": 11.63313272031188,
    "train_vbs_solve_rate_mean": 91.14238410596026,
    "train_vbs_solve_rate_std": 0.36083600525998905,
    "train_vbs_avg_par2_mean": 252.98996211902426,
    "train_vbs_avg_par2_std": 6.419701806315699,
    "train_gap_cls_solved_mean": 0.8217009916094584,
    "train_gap_cls_solved_std": 0.01231565209188981,
    "train_gap_cls_par2_mean": 0.7986751881258176,
    "train_gap_cls_par2_std": 0.0157800769270445
  }
}