{
  "n_splits": 4,
  "n_instances": 1040,
  "model_type": "SVM",
  "folds_dir": "data/foiks26/perf_data/folds/BV",
  "feature_csv_path": "data/features/syntactic/catalog1/BV.CSV",
  "svm_c": 1.0,
  "folds": [
    {
      "fold": 1,
      "train_size": 780,
      "test_size": 260,
      "train_metrics": {
        "total_instances": 780,
        "solved": 745,
        "solve_rate": 95.51282051282051,
        "avg_par2": 124.13969256558832,
        "sbs_name": "cvc5",
        "sbs_solved": 706,
        "sbs_solve_rate": 90.51282051282051,
        "sbs_avg_par2": 258.23216388321015,
        "vbs_solved": 746,
        "vbs_solve_rate": 95.64102564102565,
        "vbs_avg_par2": 115.15197183616573,
        "gap_cls_solved": 0.975,
        "gap_cls_par2": 0.93718403224908
      },
      "test_metrics": {
        "total_instances": 260,
        "solved": 246,
        "solve_rate": 94.61538461538461,
        "avg_par2": 152.1128277430893,
        "sbs_name": "cvc5",
        "sbs_solved": 246,
        "sbs_solve_rate": 94.61538461538461,
        "sbs_avg_par2": 169.29817596361613,
        "vbs_solved": 256,
        "vbs_solve_rate": 98.46153846153847,
        "vbs_avg_par2": 45.846360204837175,
        "gap_cls_solved": 0.0,
        "gap_cls_par2": 0.13920692956113723
      }
    },
    {
      "fold": 2,
      "train_size": 780,
      "test_size": 260,
      "train_metrics": {
        "total_instances": 780,
        "solved": 752,
        "solve_rate": 96.41025641025641,
        "avg_par2": 101.89646637809511,
        "sbs_name": "cvc5",
        "sbs_solved": 713,
        "sbs_solve_rate": 91.41025641025641,
        "sbs_avg_par2": 237.58930813360405,
        "vbs_solved": 753,
        "vbs_solve_rate": 96.53846153846153,
        "vbs_avg_par2": 94.56748526587826,
        "gap_cls_solved": 0.975,
        "gap_cls_par2": 0.948756204016536
      },
      "test_metrics": {
        "total_instances": 260,
        "solved": 241,
        "solve_rate": 92.6923076923077,
        "avg_par2": 189.1179477195703,
        "sbs_name": "cvc5",
        "sbs_solved": 239,
        "sbs_solve_rate": 91.92307692307692,
        "sbs_avg_par2": 231.22674321243449,
        "vbs_solved": 249,
        "vbs_solve_rate": 95.76923076923077,
        "vbs_avg_par2": 107.5998199156996,
        "gap_cls_solved": 0.2,
        "gap_cls_par2": 0.3406118535506441
      }
    },
    {
      "fold": 3,
      "train_size": 780,
      "test_size": 260,
      "train_metrics": {
        "total_instances": 780,
        "solved": 750,
        "solve_rate": 96.15384615384616,
        "avg_par2": 109.0458289219759,
        "sbs_name": "cvc5",
        "sbs_solved": 715,
        "sbs_solve_rate": 91.66666666666666,
        "sbs_avg_par2": 235.95958399629185,
        "vbs_solved": 753,
        "vbs_solve_rate": 96.53846153846153,
        "vbs_avg_par2": 93.62403565910198,
        "gap_cls_solved": 0.9210526315789473,
        "gap_cls_par2": 0.8916518505528919
      },
      "test_metrics": {
        "total_instances": 260,
        "solved": 239,
        "solve_rate": 91.92307692307692,
        "avg_par2": 202.57243960744324,
        "sbs_name": "cvc5",
        "sbs_solved": 237,
        "sbs_solve_rate": 91.15384615384615,
        "sbs_avg_par2": 236.1159156243711,
        "vbs_solved": 249,
        "vbs_solve_rate": 95.76923076923077,
        "vbs_avg_par2": 110.43016873602845,
        "gap_cls_solved": 0.16666666666666666,
        "gap_cls_par2": 0.26688369085101893
      }
    },
    {
      "fold": 4,
      "train_size": 780,
      "test_size": 260,
      "train_metrics": {
        "total_instances": 780,
        "solved": 752,
        "solve_rate": 96.41025641025641,
        "avg_par2": 102.72976258457876,
        "sbs_name": "cvc5",
        "sbs_solved": 722,
        "sbs_solve_rate": 92.56410256410257,
        "sbs_avg_par2": 212.21361160014058,
        "vbs_solved": 754,
        "vbs_solve_rate": 96.66666666666667,
        "vbs_avg_par2": 87.9587829521884,
        "gap_cls_solved": 0.9375,
        "gap_cls_par2": 0.881123496019293
      },
      "test_metrics": {
        "total_instances": 260,
        "solved": 233,
        "solve_rate": 89.61538461538461,
        "avg_par2": 266.3705307977516,
        "sbs_name": "cvc5",
        "sbs_solved": 230,
        "sbs_solve_rate": 88.46153846153845,
        "sbs_avg_par2": 307.3538328128249,
        "vbs_solved": 248,
        "vbs_solve_rate": 95.38461538461539,
        "vbs_avg_par2": 127.42592685676914,
        "gap_cls_solved": 0.16666666666666666,
        "gap_cls_par2": 0.22777624069655303
      }
    }
  ],
  "aggregated": {
    "test_solve_rate_mean": 92.21153846153845,
    "test_solve_rate_std": 1.7911476932881885,
    "test_avg_par2_mean": 202.5434364669636,
    "test_avg_par2_std": 41.22313930385567,
    "test_sbs_solve_rate_mean": 91.53846153846153,
    "test_sbs_solve_rate_std": 2.1926450482675754,
    "test_sbs_avg_par2_mean": 235.9986669033117,
    "test_sbs_avg_par2_std": 48.89606373867101,
    "test_vbs_solve_rate_mean": 96.34615384615384,
    "test_vbs_solve_rate_std": 1.2313700456601642,
    "test_vbs_avg_par2_mean": 97.8255689283336,
    "test_vbs_avg_par2_std": 30.95331665463521,
    "test_gap_cls_solved_mean": 0.13333333333333333,
    "test_gap_cls_solved_std": 0.07817359599705716,
    "test_gap_cls_par2_mean": 0.24361967866483833,
    "test_gap_cls_par2_std": 0.07263217770748175,
    "train_solve_rate_mean": 96.12179487179488,
    "train_solve_rate_std": 0.3668436904570387,
    "train_avg_par2_mean": 109.45293761255954,
    "train_avg_par2_std": 8.918630058905022,
    "train_sbs_solve_rate_mean": 91.53846153846152,
    "train_sbs_solve_rate_std": 0.7308816827558597,
    "train_sbs_avg_par2_mean": 235.99866690331166,
    "train_sbs_avg_par2_std": 16.29868791289033,
    "train_vbs_solve_rate_mean": 96.34615384615385,
    "train_vbs_solve_rate_std": 0.4104566818867171,
    "train_vbs_avg_par2_mean": 97.8255689283336,
    "train_vbs_avg_par2_std": 10.317772218211738,
    "train_gap_cls_solved_mean": 0.9521381578947368,
    "train_gap_cls_solved_std": 0.02358979261128027,
    "train_gap_cls_par2_mean": 0.9146788957094503,
    "train_gap_cls_par2_std": 0.028826870143721563
  }
}