{
  "n_splits": 4,
  "n_instances": 23722,
  "model_type": "SVM",
  "folds_dir": "data/foiks26/perf_data/folds/QF_SLIA",
  "feature_csv_path": "data/features/syntactic/catalog1/QF_SLIA.CSV",
  "svm_c": 1.0,
  "folds": [
    {
      "fold": 1,
      "train_size": 17791,
      "test_size": 5931,
      "train_metrics": {
        "total_instances": 17791,
        "solved": 17766,
        "solve_rate": 99.85947951211287,
        "avg_par2": 5.745696815044197,
        "sbs_name": "Z3-Noodler",
        "sbs_solved": 17455,
        "sbs_solve_rate": 98.11140464279691,
        "sbs_avg_par2": 46.67261042537393,
        "vbs_solved": 17773,
        "vbs_solve_rate": 99.89882524872127,
        "vbs_avg_par2": 4.346176728866276,
        "gap_cls_solved": 0.9779874213836478,
        "gap_cls_par2": 0.9669350813675238
      },
      "test_metrics": {
        "total_instances": 5931,
        "solved": 5922,
        "solve_rate": 99.84825493171472,
        "avg_par2": 5.781904877769199,
        "sbs_name": "Z3-Noodler",
        "sbs_solved": 5821,
        "sbs_solve_rate": 98.145338054291,
        "sbs_avg_par2": 45.44219224345897,
        "vbs_solved": 5927,
        "vbs_solve_rate": 99.93255774742876,
        "vbs_avg_par2": 3.3164413873081666,
        "gap_cls_solved": 0.9528301886792453,
        "gap_cls_par2": 0.9414737199847193
      }
    },
    {
      "fold": 2,
      "train_size": 17791,
      "test_size": 5931,
      "train_metrics": {
        "total_instances": 17791,
        "solved": 17770,
        "solve_rate": 99.88196279017481,
        "avg_par2": 4.9950493294789,
        "sbs_name": "Z3-Noodler",
        "sbs_solved": 17444,
        "sbs_solve_rate": 98.04957562812659,
        "sbs_avg_par2": 48.12435089666354,
        "vbs_solved": 17775,
        "vbs_solve_rate": 99.91006688775224,
        "vbs_avg_par2": 3.984671164412496,
        "gap_cls_solved": 0.9848942598187311,
        "gap_cls_par2": 0.9771095265938651
      },
      "test_metrics": {
        "total_instances": 5931,
        "solved": 5915,
        "solve_rate": 99.73023098971505,
        "avg_par2": 8.994862770245671,
        "sbs_name": "Z3-Noodler",
        "sbs_solved": 5832,
        "sbs_solve_rate": 98.33080424886191,
        "sbs_avg_par2": 41.087460372827806,
        "vbs_solved": 5925,
        "vbs_solve_rate": 99.89883662114315,
        "vbs_avg_par2": 4.400836176921587,
        "gap_cls_solved": 0.8924731182795699,
        "gap_cls_par2": 0.8747765243050974
      }
    },
    {
      "fold": 3,
      "train_size": 17792,
      "test_size": 5930,
      "train_metrics": {
        "total_instances": 17792,
        "solved": 17771,
        "solve_rate": 99.88196942446042,
        "avg_par2": 5.067621175527597,
        "sbs_name": "Z3-Noodler",
        "sbs_solved": 17466,
        "sbs_solve_rate": 98.16771582733813,
        "sbs_avg_par2": 45.1134572928908,
        "vbs_solved": 17776,
        "vbs_solve_rate": 99.91007194244604,
        "vbs_avg_par2": 4.020469461297586,
        "gap_cls_solved": 0.9838709677419355,
        "gap_cls_par2": 0.9745175084731869
      },
      "test_metrics": {
        "total_instances": 5930,
        "solved": 5917,
        "solve_rate": 99.78077571669476,
        "avg_par2": 7.514414386895939,
        "sbs_name": "Z3-Noodler",
        "sbs_solved": 5810,
        "sbs_solve_rate": 97.97639123102867,
        "sbs_avg_par2": 50.11997000314833,
        "vbs_solved": 5924,
        "vbs_solve_rate": 99.89881956155143,
        "vbs_avg_par2": 4.293499392239121,
        "gap_cls_solved": 0.9385964912280702,
        "gap_cls_par2": 0.929714967098294
      }
    },
    {
      "fold": 4,
      "train_size": 17792,
      "test_size": 5930,
      "train_metrics": {
        "total_instances": 17792,
        "solved": 17772,
        "solve_rate": 99.88758992805755,
        "avg_par2": 4.9589246049858335,
        "sbs_name": "Z3-Noodler",
        "sbs_solved": 17463,
        "sbs_solve_rate": 98.15085431654677,
        "sbs_avg_par2": 45.54961734407973,
        "vbs_solved": 17776,
        "vbs_solve_rate": 99.91007194244604,
        "vbs_avg_par2": 4.003576024585469,
        "gap_cls_solved": 0.987220447284345,
        "gap_cls_par2": 0.9770050635377361
      },
      "test_metrics": {
        "total_instances": 5930,
        "solved": 5913,
        "solve_rate": 99.7133220910624,
        "avg_par2": 8.935495541871465,
        "sbs_name": "Z3-Noodler",
        "sbs_solved": 5813,
        "sbs_solve_rate": 98.02698145025295,
        "sbs_avg_par2": 48.81134274669752,
        "vbs_solved": 5924,
        "vbs_solve_rate": 99.89881956155143,
        "vbs_avg_par2": 4.344185399993254,
        "gap_cls_solved": 0.9009009009009009,
        "gap_cls_par2": 0.8967482875939111
      }
    }
  ],
  "aggregated": {
    "test_solve_rate_mean": 99.76814593229673,
    "test_solve_rate_std": 0.05248847416421955,
    "test_avg_par2_mean": 7.806669394195568,
    "test_avg_par2_std": 1.3106426197515824,
    "test_sbs_solve_rate_mean": 98.11987874610864,
    "test_sbs_solve_rate_std": 0.13634177518828222,
    "test_sbs_avg_par2_mean": 46.36524134153315,
    "test_sbs_avg_par2_std": 3.4924343586453244,
    "test_vbs_solve_rate_mean": 99.90725837291869,
    "test_vbs_solve_rate_std": 0.014606602344093276,
    "test_vbs_avg_par2_mean": 4.088740589115532,
    "test_vbs_avg_par2_std": 0.4475008189660831,
    "test_gap_cls_solved_mean": 0.9212001747719466,
    "test_gap_cls_solved_std": 0.025201160193656896,
    "test_gap_cls_par2_mean": 0.9106783747455054,
    "test_gap_cls_par2_std": 0.02642789875257328,
    "train_solve_rate_mean": 99.8777504137014,
    "train_solve_rate_std": 0.01079567106484291,
    "train_avg_par2_mean": 5.191822981259132,
    "train_avg_par2_std": 0.32216604259465603,
    "train_sbs_solve_rate_mean": 98.1198876037021,
    "train_sbs_solve_rate_std": 0.0454483520483203,
    "train_sbs_avg_par2_mean": 46.365008989752006,
    "train_sbs_avg_par2_std": 1.164167918983351,
    "train_vbs_solve_rate_mean": 99.9072590053414,
    "train_vbs_solve_rate_std": 0.0048692320921792645,
    "train_vbs_avg_par2_mean": 4.088723344790457,
    "train_vbs_avg_par2_std": 0.14917922104254994,
    "train_gap_cls_solved_mean": 0.9834932740571648,
    "train_gap_cls_solved_std": 0.0034026330815822006,
    "train_gap_cls_par2_mean": 0.973891794993078,
    "train_gap_cls_par2_std": 0.004148301444959803
  }
}