{
  "n_splits": 4,
  "n_instances": 1040,
  "model_type": "MachSMT",
  "folds_dir": "/home/jchen688/projects/def-vganesh/jchen688/SMT_AS_LM/data/foiks26/perf_data/folds/BV",
  "selector": "EHM",
  "timeout": 1200,
  "folds": [
    {
      "fold": 1,
      "train_size": 780,
      "test_size": 260,
      "train_metrics": {
        "total_instances": 780,
        "solved": 711,
        "solve_rate": 91.15384615384615,
        "avg_par2": 222.71700103659882,
        "sbs_name": "cvc5",
        "sbs_solved": 706,
        "sbs_solve_rate": 90.51282051282051,
        "sbs_avg_par2": 258.23216388321015,
        "vbs_solved": 746,
        "vbs_solve_rate": 95.64102564102565,
        "vbs_avg_par2": 115.15197183616573,
        "gap_cls_solved": 0.125,
        "gap_cls_par2": 0.24821858524577625
      },
      "test_metrics": {
        "total_instances": 260,
        "solved": 244,
        "solve_rate": 93.84615384615384,
        "avg_par2": 169.07176997311896,
        "sbs_name": "cvc5",
        "sbs_solved": 246,
        "sbs_solve_rate": 94.61538461538461,
        "sbs_avg_par2": 169.29817596361613,
        "vbs_solved": 256,
        "vbs_solve_rate": 98.46153846153847,
        "vbs_avg_par2": 45.846360204837175,
        "gap_cls_solved": -0.2,
        "gap_cls_par2": 0.0018339624176898343
      }
    },
    {
      "fold": 2,
      "train_size": 780,
      "test_size": 260,
      "train_metrics": {
        "total_instances": 780,
        "solved": 719,
        "solve_rate": 92.17948717948717,
        "avg_par2": 199.2440751610861,
        "sbs_name": "cvc5",
        "sbs_solved": 713,
        "sbs_solve_rate": 91.41025641025641,
        "sbs_avg_par2": 237.58930813360405,
        "vbs_solved": 753,
        "vbs_solve_rate": 96.53846153846153,
        "vbs_avg_par2": 94.56748526587826,
        "gap_cls_solved": 0.15,
        "gap_cls_par2": 0.2681075671087038
      },
      "test_metrics": {
        "total_instances": 260,
        "solved": 239,
        "solve_rate": 91.92307692307692,
        "avg_par2": 212.84390116333245,
        "sbs_name": "cvc5",
        "sbs_solved": 239,
        "sbs_solve_rate": 91.92307692307692,
        "sbs_avg_par2": 231.22674321243449,
        "vbs_solved": 249,
        "vbs_solve_rate": 95.76923076923077,
        "vbs_avg_par2": 107.5998199156996,
        "gap_cls_solved": 0.0,
        "gap_cls_par2": 0.14869610566121358
      }
    },
    {
      "fold": 3,
      "train_size": 780,
      "test_size": 260,
      "train_metrics": {
        "total_instances": 780,
        "solved": 701,
        "solve_rate": 89.87179487179488,
        "avg_par2": 253.95640919262794,
        "sbs_name": "cvc5",
        "sbs_solved": 715,
        "sbs_solve_rate": 91.66666666666666,
        "sbs_avg_par2": 235.95958399629185,
        "vbs_solved": 753,
        "vbs_solve_rate": 96.53846153846153,
        "vbs_avg_par2": 93.62403565910198,
        "gap_cls_solved": -0.3684210526315789,
        "gap_cls_par2": -0.12643942716054316
      },
      "test_metrics": {
        "total_instances": 260,
        "solved": 238,
        "solve_rate": 91.53846153846153,
        "avg_par2": 210.04012464200002,
        "sbs_name": "cvc5",
        "sbs_solved": 237,
        "sbs_solve_rate": 91.15384615384615,
        "sbs_avg_par2": 236.1159156243711,
        "vbs_solved": 249,
        "vbs_solve_rate": 95.76923076923077,
        "vbs_avg_par2": 110.43016873602845,
        "gap_cls_solved": 0.08333333333333333,
        "gap_cls_par2": 0.20746816268304807
      }
    },
    {
      "fold": 4,
      "train_size": 780,
      "test_size": 260,
      "train_metrics": {
        "total_instances": 780,
        "solved": 725,
        "solve_rate": 92.94871794871796,
        "avg_par2": 184.38502702262576,
        "sbs_name": "cvc5",
        "sbs_solved": 722,
        "sbs_solve_rate": 92.56410256410257,
        "sbs_avg_par2": 212.21361160014058,
        "vbs_solved": 754,
        "vbs_solve_rate": 96.66666666666667,
        "vbs_avg_par2": 87.9587829521884,
        "gap_cls_solved": 0.09375,
        "gap_cls_par2": 0.2239638079286302
      },
      "test_metrics": {
        "total_instances": 260,
        "solved": 220,
        "solve_rate": 84.61538461538461,
        "avg_par2": 379.08357386942055,
        "sbs_name": "cvc5",
        "sbs_solved": 230,
        "sbs_solve_rate": 88.46153846153845,
        "sbs_avg_par2": 307.3538328128249,
        "vbs_solved": 248,
        "vbs_solve_rate": 95.38461538461539,
        "vbs_avg_par2": 127.42592685676914,
        "gap_cls_solved": -0.5555555555555556,
        "gap_cls_par2": -0.3986582330042476
      }
    }
  ],
  "aggregated": {
    "test_solve_rate_mean": 90.48076923076923,
    "test_solve_rate_std": 3.4974102845140775,
    "test_avg_par2_mean": 242.75984241196798,
    "test_avg_par2_std": 80.59099709330887,
    "test_sbs_solve_rate_mean": 91.53846153846153,
    "test_sbs_solve_rate_std": 2.1926450482675754,
    "test_sbs_avg_par2_mean": 235.9986669033117,
    "test_sbs_avg_par2_std": 48.89606373867101,
    "test_vbs_solve_rate_mean": 96.34615384615384,
    "test_vbs_solve_rate_std": 1.2313700456601642,
    "test_vbs_avg_par2_mean": 97.8255689283336,
    "test_vbs_avg_par2_std": 30.95331665463521,
    "test_gap_cls_solved_mean": -0.16805555555555557,
    "test_gap_cls_solved_std": 0.24628019649412575,
    "test_gap_cls_par2_mean": -0.010165000560574025,
    "test_gap_cls_par2_std": 0.23646987735255154,
    "train_solve_rate_mean": 91.53846153846153,
    "train_solve_rate_std": 1.1538461538461537,
    "train_avg_par2_mean": 215.07562810323466,
    "train_avg_par2_std": 26.28049077584548,
    "train_sbs_solve_rate_mean": 91.53846153846152,
    "train_sbs_solve_rate_std": 0.7308816827558597,
    "train_sbs_avg_par2_mean": 235.99866690331166,
    "train_sbs_avg_par2_std": 16.29868791289033,
    "train_vbs_solve_rate_mean": 96.34615384615385,
    "train_vbs_solve_rate_std": 0.4104566818867171,
    "train_vbs_avg_par2_mean": 97.8255689283336,
    "train_vbs_avg_par2_std": 10.317772218211738,
    "train_gap_cls_solved_mean": 8.223684210527382e-05,
    "train_gap_cls_solved_std": 0.21368674939649854,
    "train_gap_cls_par2_mean": 0.1534626332806418,
    "train_gap_cls_par2_std": 0.16235588251679278
  }
}